{
  "workspaceRoot": "/users/ae002/Documentos/Getting_Started/Vitis_HLS/reference_files/workDCT",
  "mapping": {
    "/users/ae002/Descargas/ejemplo/out_diferencia.dat": "energia_diferencia",
    "/users/ae002/Descargas/ejemplo/diferencia_energia.cpp": "energia_diferencia",
    "/users/ae002/Descargas/ejemplo/inB.dat": "energia_diferencia",
    "/users/ae002/Descargas/ejemplo/inA.dat": "energia_diferencia",
    "/users/ae002/Descargas/ejemplo/diferencia.h": "energia_diferencia",
    "/users/ae002/Descargas/ejemplo/diferencia_energia_test.cpp": "energia_diferencia"
  }
}