[
{
  "headers": [
    "/tools/Xilinx/Vitis/2024.2/vcxx/data/autopilot/etc/autopilot_ssdm_op.h",
    "/users/ae002/Descargas/ejemplo/diferencia.h",
    "/tools/Xilinx/Vitis/2024.2/vcxx/lib/clang/14.0.6/include/stdint.h",
    "/usr/include/stdint.h",
    "/usr/include/x86_64-linux-gnu/bits/libc-header-start.h",
    "/usr/include/features.h",
    "/usr/include/features-time64.h",
    "/usr/include/x86_64-linux-gnu/bits/wordsize.h",
    "/usr/include/x86_64-linux-gnu/bits/timesize.h",
    "/usr/include/stdc-predef.h",
    "/usr/include/x86_64-linux-gnu/sys/cdefs.h",
    "/usr/include/x86_64-linux-gnu/bits/long-double.h",
    "/usr/include/x86_64-linux-gnu/gnu/stubs.h",
    "/usr/include/x86_64-linux-gnu/gnu/stubs-64.h",
    "/usr/include/x86_64-linux-gnu/bits/types.h",
    "/usr/include/x86_64-linux-gnu/bits/typesizes.h",
    "/usr/include/x86_64-linux-gnu/bits/time64.h",
    "/usr/include/x86_64-linux-gnu/bits/wchar.h",
    "/usr/include/x86_64-linux-gnu/bits/stdint-intn.h",
    "/usr/include/x86_64-linux-gnu/bits/stdint-uintn.h",
    "/tools/Xilinx/Vitis/2024.2/tps/lnx64/gcc-8.3.0/include/c++/8.3.0/cstdint",
    "/tools/Xilinx/Vitis/2024.2/tps/lnx64/gcc-8.3.0/include/c++/8.3.0/x86_64-pc-linux-gnu/bits/c++config.h",
    "/tools/Xilinx/Vitis/2024.2/tps/lnx64/gcc-8.3.0/include/c++/8.3.0/x86_64-pc-linux-gnu/bits/os_defines.h",
    "/tools/Xilinx/Vitis/2024.2/tps/lnx64/gcc-8.3.0/include/c++/8.3.0/x86_64-pc-linux-gnu/bits/cpu_defines.h"
  ],
  "source": "/users/ae002/Descargas/ejemplo/diferencia_energia.cpp"
},
{
  "headers": [
    "/users/ae002/Descargas/ejemplo/diferencia.h",
    "/tools/Xilinx/Vitis/2024.2/vcxx/lib/clang/14.0.6/include/stdint.h",
    "/usr/include/stdint.h",
    "/usr/include/x86_64-linux-gnu/bits/libc-header-start.h",
    "/usr/include/features.h",
    "/usr/include/features-time64.h",
    "/usr/include/x86_64-linux-gnu/bits/wordsize.h",
    "/usr/include/x86_64-linux-gnu/bits/timesize.h",
    "/usr/include/stdc-predef.h",
    "/usr/include/x86_64-linux-gnu/sys/cdefs.h",
    "/usr/include/x86_64-linux-gnu/bits/long-double.h",
    "/usr/include/x86_64-linux-gnu/gnu/stubs.h",
    "/usr/include/x86_64-linux-gnu/gnu/stubs-64.h",
    "/usr/include/x86_64-linux-gnu/bits/types.h",
    "/usr/include/x86_64-linux-gnu/bits/typesizes.h",
    "/usr/include/x86_64-linux-gnu/bits/time64.h",
    "/usr/include/x86_64-linux-gnu/bits/wchar.h",
    "/usr/include/x86_64-linux-gnu/bits/stdint-intn.h",
    "/usr/include/x86_64-linux-gnu/bits/stdint-uintn.h",
    "/tools/Xilinx/Vitis/2024.2/tps/lnx64/gcc-8.3.0/include/c++/8.3.0/cstdint",
    "/tools/Xilinx/Vitis/2024.2/tps/lnx64/gcc-8.3.0/include/c++/8.3.0/x86_64-pc-linux-gnu/bits/c++config.h",
    "/tools/Xilinx/Vitis/2024.2/tps/lnx64/gcc-8.3.0/include/c++/8.3.0/x86_64-pc-linux-gnu/bits/os_defines.h",
    "/tools/Xilinx/Vitis/2024.2/tps/lnx64/gcc-8.3.0/include/c++/8.3.0/x86_64-pc-linux-gnu/bits/cpu_defines.h"
  ],
  "source": "/users/ae002/Descargas/ejemplo/diferencia_energia.cpp"
},
{
  "headers": [
    "/usr/include/stdio.h",
    "/usr/include/x86_64-linux-gnu/bits/libc-header-start.h",
    "/usr/include/features.h",
    "/usr/include/features-time64.h",
    "/usr/include/x86_64-linux-gnu/bits/wordsize.h",
    "/usr/include/x86_64-linux-gnu/bits/timesize.h",
    "/usr/include/stdc-predef.h",
    "/usr/include/x86_64-linux-gnu/sys/cdefs.h",
    "/usr/include/x86_64-linux-gnu/bits/long-double.h",
    "/usr/include/x86_64-linux-gnu/gnu/stubs.h",
    "/usr/include/x86_64-linux-gnu/gnu/stubs-64.h",
    "/tools/Xilinx/Vitis/2024.2/vcxx/lib/clang/14.0.6/include/stddef.h",
    "/tools/Xilinx/Vitis/2024.2/vcxx/lib/clang/14.0.6/include/stdarg.h",
    "/usr/include/x86_64-linux-gnu/bits/types.h",
    "/usr/include/x86_64-linux-gnu/bits/typesizes.h",
    "/usr/include/x86_64-linux-gnu/bits/time64.h",
    "/usr/include/x86_64-linux-gnu/bits/types/__fpos_t.h",
    "/usr/include/x86_64-linux-gnu/bits/types/__mbstate_t.h",
    "/usr/include/x86_64-linux-gnu/bits/types/__fpos64_t.h",
    "/usr/include/x86_64-linux-gnu/bits/types/__FILE.h",
    "/usr/include/x86_64-linux-gnu/bits/types/FILE.h",
    "/usr/include/x86_64-linux-gnu/bits/types/struct_FILE.h",
    "/usr/include/x86_64-linux-gnu/bits/types/cookie_io_functions_t.h",
    "/usr/include/x86_64-linux-gnu/bits/stdio_lim.h",
    "/usr/include/x86_64-linux-gnu/bits/floatn.h",
    "/usr/include/x86_64-linux-gnu/bits/floatn-common.h",
    "/tools/Xilinx/Vitis/2024.2/vcxx/lib/clang/14.0.6/include/stdint.h",
    "/usr/include/stdint.h",
    "/usr/include/x86_64-linux-gnu/bits/wchar.h",
    "/usr/include/x86_64-linux-gnu/bits/stdint-intn.h",
    "/usr/include/x86_64-linux-gnu/bits/stdint-uintn.h",
    "/users/ae002/Descargas/ejemplo/diferencia.h"
  ],
  "source": "/users/ae002/Descargas/ejemplo/diferencia_energia_test.cpp"
}
]