{
    "top_level_hw_fn_id": 205,
    "functions": {
        "205": {
            "fn_id": 205,
            "mangled_name": "_Z18diferencia_energiaPsS_Pi",
            "fully_qualified_name": "diferencia_energia",
            "is_sys": false,
            "is_declaration": false,
            "supports_dataflow": true,
            "src_loc": {
                "file": "/users/ae002/Descargas/ejemplo/diferencia_energia.cpp",
                "line": 5,
                "column": 1
            }
        }
    },
    "loops": {
        "5": {
            "fn_id": 205,
            "lp_id": 5
        },
        "6": {
            "fn_id": 205,
            "lp_id": 6
        }
    }
}