<?xml version="1.0" encoding="ISO-8859-1"?>
<staticProfResults:Results xmlns:staticProfResults="staticProfResults" xmlns:xsi="http://www.w3.org/2001/XMLSchema-instance" ProfileMemoryAccess="true">
<TracingVersion>5</TracingVersion>

<DataType ID="0" Name="void"/>
<DataType ID="1" Name="bool"/>
<DataType ID="2" Name="char"/>
<DataType ID="3" Name="short"/>
<DataType ID="4" Name="int"/>
<DataType ID="5" Name="long"/>
<DataType ID="6" Name="float"/>
<DataType ID="7" Name="double"/>
<DataType ID="8" Name="pointer"/>
<DataType ID="9" Name="reference"/>
<DataType ID="10" Name="array"/>
<DataType ID="11" Name="vector"/>
<DataType ID="12" Name="struct"/>
<DataType ID="13" Name="union"/>
<DataType ID="14" Name="enum"/>
<DataType ID="15" Name="function"/>
<DataType ID="16" Name="label"/>
<DataType ID="17" Name="long double"/>
<DataType ID="18" Name="unsupported"/><UserDataType ID="0" xsi:type="staticProfResults:DataTypeType">
<DisplayName>Unsupported</DisplayName>
</UserDataType>
<UserDataType ID="1" xsi:type="staticProfResults:ImplementationType" >
<DisplayName>void</DisplayName>
<LLVMTypeID>0</LLVMTypeID>
</UserDataType>
<UserDataType ID="2" xsi:type="staticProfResults:PointerType" >
<DisplayName></DisplayName>
<LLVMTypeID>8</LLVMTypeID>
<Size>0</Size>
<RefTypeID>1</RefTypeID>
</UserDataType>
<UserDataType ID="3" xsi:type="staticProfResults:ArrayType" >
<DisplayName></DisplayName>
<LLVMTypeID>10</LLVMTypeID>
<Size>1024</Size>
<ElementTypeID>4</ElementTypeID>
<Dimension Index="0" Count="512"/>
</UserDataType>
<UserDataType ID="4" xsi:type="staticProfResults:TypedefType" >
<DisplayName>int16_t</DisplayName>
<Location>
<File>4</File>
<Line>25</Line>
</Location>
<OfTypeID>5</OfTypeID>
</UserDataType>
<UserDataType ID="5" xsi:type="staticProfResults:TypedefType" >
<DisplayName>__int16_t</DisplayName>
<Location>
<File>5</File>
<Line>39</Line>
</Location>
<OfTypeID>6</OfTypeID>
</UserDataType>
<UserDataType ID="6" xsi:type="staticProfResults:NumberType" >
<DisplayName>short</DisplayName>
<LLVMTypeID>3</LLVMTypeID>
<Size>2</Size>
<BitSize>16</BitSize>
<IsSigned>true</IsSigned>
</UserDataType>
<UserDataType ID="7" xsi:type="staticProfResults:ArrayType" >
<DisplayName></DisplayName>
<LLVMTypeID>10</LLVMTypeID>
<Size>512</Size>
<ElementTypeID>8</ElementTypeID>
<Dimension Index="0" Count="128"/>
</UserDataType>
<UserDataType ID="8" xsi:type="staticProfResults:TypedefType" >
<DisplayName>int32_t</DisplayName>
<Location>
<File>4</File>
<Line>26</Line>
</Location>
<OfTypeID>9</OfTypeID>
</UserDataType>
<UserDataType ID="9" xsi:type="staticProfResults:TypedefType" >
<DisplayName>__int32_t</DisplayName>
<Location>
<File>5</File>
<Line>41</Line>
</Location>
<OfTypeID>10</OfTypeID>
</UserDataType>
<UserDataType ID="10" xsi:type="staticProfResults:NumberType" >
<DisplayName>int</DisplayName>
<LLVMTypeID>4</LLVMTypeID>
<Size>4</Size>
<BitSize>32</BitSize>
<IsSigned>true</IsSigned>
</UserDataType>
<UserDataType ID="11" xsi:type="staticProfResults:PointerType" >
<DisplayName></DisplayName>
<LLVMTypeID>8</LLVMTypeID>
<Size>8</Size>
<RefTypeID>12</RefTypeID>
</UserDataType>
<UserDataType ID="12" xsi:type="staticProfResults:TypedefType" >
<DisplayName>FILE</DisplayName>
<Location>
<File>6</File>
<Line>7</Line>
</Location>
<OfTypeID>13</OfTypeID>
</UserDataType>
<UserDataType ID="13" xsi:type="staticProfResults:StructType" >
<DisplayName>_IO_FILE</DisplayName>
<Location>
<File>7</File>
<Line>49</Line>
</Location>
<LLVMTypeID>12</LLVMTypeID>
<Size>216</Size>
<Members>
</Members>
</UserDataType>
<UserDataType ID="14" xsi:type="staticProfResults:PointerType" >
<DisplayName></DisplayName>
<LLVMTypeID>8</LLVMTypeID>
<Size>8</Size>
<RefTypeID>4</RefTypeID>
</UserDataType>
<UserDataType ID="15" xsi:type="staticProfResults:PointerType" >
<DisplayName></DisplayName>
<LLVMTypeID>8</LLVMTypeID>
<Size>8</Size>
<RefTypeID>8</RefTypeID>
</UserDataType>

<File ID="0">
  <Name>unknown</Name>
</File>
<File ID="1">
  <Name>intrinsic</Name>
</File>
<File ID="2">
  <Name>../../../../../../Descargas/ejemplo/diferencia_energia_test.cpp</Name>
</File>
<File ID="3">
  <Name>../../../../../../Descargas/ejemplo/diferencia_energia.cpp</Name>
</File>
<File ID="4">
  <Name>../../../../../../../../usr/include/x86_64-linux-gnu/bits/stdint-intn.h</Name>
</File>
<File ID="5">
  <Name>../../../../../../../../usr/include/x86_64-linux-gnu/bits/types.h</Name>
</File>
<File ID="6">
  <Name>../../../../../../../../usr/include/x86_64-linux-gnu/bits/types/FILE.h</Name>
</File>
<File ID="7">
  <Name>../../../../../../../../usr/include/x86_64-linux-gnu/bits/types/struct_FILE.h</Name>
</File><function global_id="200" Name="main" File="2" CUFile="2" arguments="0" HasArtificialBody="false" HasArtificialDeclaration="false" SIMDInstructionsPercentage="0" FullyQualifiedName="main" DisplayName="main" isDeclaration="false">
<BBData ID="0" Name="entry" RegionId="0" IsLoopHeader="false" IsFunctionExit="false">
<Successor>1</Successor>
<FirstStmtId>1</FirstStmtId>
<LastStmtId>20</LastStmtId>
<LocalVariable ArgNumber="0" DeclaredElementCount="0" File="2" InstrId="1" IsArtificial="true" IsConstant="false" Line="8" LocalIdInFunc="0" MayBeAliased="false" Name="unnamed" Size="0" Type="2" global_id="11"/>
<LocalVariable ArgNumber="0" DeclaredElementCount="0" File="2" InstrId="2" IsArtificial="false" IsConstant="false" Line="9" LocalIdInFunc="1" MayBeAliased="true" Name="sigA" Size="1024" Type="3" global_id="1"/>
<LocalVariable ArgNumber="0" DeclaredElementCount="0" File="2" InstrId="3" IsArtificial="false" IsConstant="false" Line="10" LocalIdInFunc="2" MayBeAliased="true" Name="sigB" Size="1024" Type="3" global_id="2"/>
<LocalVariable ArgNumber="0" DeclaredElementCount="0" File="2" InstrId="4" IsArtificial="false" IsConstant="false" Line="11" LocalIdInFunc="3" MayBeAliased="true" Name="energia" Size="512" Type="7" global_id="3"/>
<LocalVariable ArgNumber="0" DeclaredElementCount="0" File="2" InstrId="5" IsArtificial="false" IsConstant="false" Line="14" LocalIdInFunc="4" MayBeAliased="false" Name="i" Size="4" Type="10" global_id="4"/>
<TraceRecord Type="0" Mark="4"  StmtID="12"  Line="9" StaticOnly="true"  MemAddressType="3" RW="1"  Size="4"  PtrUID="11"  VarUID="11" Offset="0" />
<TraceRecord Type="0" Mark="4"  StmtID="19"  Line="14" StaticOnly="true"  MemAddressType="3" RW="1"  Size="4"  PtrUID="4"  VarUID="4" Offset="0" />
<TraceRecord Type="6" Mark="1"  StmtID="20"  Line="14"  DestBB="1"/>
<SourceRange BeginLine="8" BeginColumn="0" EndLine="42" EndColumn="19"/>
</BBData>
<BBData ID="1" Name="for.cond" RegionId="4" IsLoopHeader="true" IsFunctionExit="false">
<Predecessor>3</Predecessor>
<Predecessor>0</Predecessor>
<Successor>2</Successor>
<Successor>4</Successor>
<FirstStmtId>21</FirstStmtId>
<LastStmtId>24</LastStmtId>
<TraceRecord Type="0" Mark="4"  StmtID="22"  Line="14" StaticOnly="true"  MemAddressType="3" RW="0"  Size="4"  PtrUID="4"  VarUID="4" Offset="0" />
<TraceRecord Type="6" Mark="48"  StmtID="24"  Line="14"  DestBB="4" OtherBB="2"  Size="513"/>
<SourceRange BeginLine="14" BeginColumn="5" EndLine="14" EndColumn="19"/>
</BBData>
<BBData ID="2" Name="for.body" RegionId="4" IsLoopHeader="false" IsFunctionExit="false">
<Predecessor>1</Predecessor>
<Successor>3</Successor>
<FirstStmtId>25</FirstStmtId>
<LastStmtId>42</LastStmtId>
<TraceRecord Type="0" Mark="4"  StmtID="27"  Line="15" StaticOnly="true"  MemAddressType="3" RW="0"  Size="4"  PtrUID="4"  VarUID="4" Offset="0" />
<TraceRecord Type="0" Mark="4"  StmtID="30"  Line="15" StaticOnly="true"  MemAddressType="3" RW="0"  Size="4"  PtrUID="4"  VarUID="4" Offset="0" />
<TraceRecord Type="0" Mark="4"  StmtID="33"  Line="15"  MemAddressType="3" RW="1"  Size="2"  PtrUID="1"  VarUID="1">
<AffineLoopExpression Constant="0">
<Coefficient RegionID="4" RegionNestingDifference="0" Value="2"/>
</AffineLoopExpression>
</TraceRecord>
<TraceRecord Type="0" Mark="4"  StmtID="34"  Line="16" StaticOnly="true"  MemAddressType="3" RW="0"  Size="4"  PtrUID="4"  VarUID="4" Offset="0" />
<TraceRecord Type="0" Mark="4"  StmtID="38"  Line="16" StaticOnly="true"  MemAddressType="3" RW="0"  Size="4"  PtrUID="4"  VarUID="4" Offset="0" />
<TraceRecord Type="0" Mark="4"  StmtID="41"  Line="16"  MemAddressType="3" RW="1"  Size="2"  PtrUID="2"  VarUID="2">
<AffineLoopExpression Constant="0">
<Coefficient RegionID="4" RegionNestingDifference="0" Value="2"/>
</AffineLoopExpression>
</TraceRecord>
<TraceRecord Type="6" Mark="1"  StmtID="42"  Line="17"  DestBB="3"/>
<SourceRange BeginLine="15" BeginColumn="9" EndLine="17" EndColumn="5"/>
</BBData>
<BBData ID="3" Name="for.inc" RegionId="4" IsLoopHeader="false" IsFunctionExit="false">
<Predecessor>2</Predecessor>
<Successor>1</Successor>
<FirstStmtId>43</FirstStmtId>
<LastStmtId>47</LastStmtId>
<TraceRecord Type="0" Mark="4"  StmtID="44"  Line="14" StaticOnly="true"  MemAddressType="3" RW="0"  Size="4"  PtrUID="4"  VarUID="4" Offset="0" />
<TraceRecord Type="0" Mark="4"  StmtID="46"  Line="14" StaticOnly="true"  MemAddressType="3" RW="1"  Size="4"  PtrUID="4"  VarUID="4" Offset="0" />
<TraceRecord Type="6" Mark="1"  StmtID="47"  Line="14"  DestBB="1"/>
<SourceRange BeginLine="14" BeginColumn="28" EndLine="14" EndColumn="29"/>
</BBData>
<BBData ID="4" Name="for.end" RegionId="0" IsLoopHeader="false" IsFunctionExit="false">
<Predecessor>1</Predecessor>
<Successor>5</Successor>
<FirstStmtId>48</FirstStmtId>
<LastStmtId>70</LastStmtId>
<LocalVariable ArgNumber="0" DeclaredElementCount="0" File="2" InstrId="6" IsArtificial="false" IsConstant="false" Line="23" LocalIdInFunc="5" MayBeAliased="false" MayPointeeBeAliasedFurther="true" Name="inA" Size="8" Type="11" global_id="5"/>
<LocalVariable ArgNumber="0" DeclaredElementCount="0" File="2" InstrId="7" IsArtificial="false" IsConstant="false" Line="24" LocalIdInFunc="6" MayBeAliased="false" MayPointeeBeAliasedFurther="true" Name="inB" Size="8" Type="11" global_id="6"/>
<LocalVariable ArgNumber="0" DeclaredElementCount="0" File="2" InstrId="8" IsArtificial="false" IsConstant="false" Line="25" LocalIdInFunc="7" MayBeAliased="false" MayPointeeBeAliasedFurther="true" Name="out" Size="8" Type="11" global_id="7"/>
<LocalVariable ArgNumber="0" DeclaredElementCount="0" File="2" InstrId="9" IsArtificial="false" IsConstant="false" Line="27" LocalIdInFunc="8" MayBeAliased="false" Name="i" Size="4" Type="10" global_id="8"/>
<TraceRecord Type="4" Mark="0"  StmtID="53"  Line="20" StaticOnly="true"  FuncCall="205" hasFrame="true">
<ArgumentAddress Index="0" VarUID="1" Offset="0" MemAddressType="3"/>
<ArgumentAddress Index="1" VarUID="2" Offset="0" MemAddressType="3"/>
<ArgumentAddress Index="2" VarUID="3" Offset="0" MemAddressType="3"/>
</TraceRecord>
<TraceRecord Type="4" Mark="0"  StmtID="56"  Line="23" StaticOnly="true"  FuncCall="201" hasFrame="true">
<ArgumentAddress Index="0" MemAddressType="1"/>
<ArgumentAddress Index="1" MemAddressType="1"/>
</TraceRecord>
<TraceRecord Type="0" Mark="4"  StmtID="57"  Line="23" StaticOnly="true"  MemAddressType="3" RW="1"  Size="8"  PtrUID="5"  VarUID="5" Offset="0" />
<TraceRecord Type="4" Mark="0"  StmtID="60"  Line="24" StaticOnly="true"  FuncCall="201" hasFrame="true">
<ArgumentAddress Index="0" MemAddressType="1"/>
<ArgumentAddress Index="1" MemAddressType="1"/>
</TraceRecord>
<TraceRecord Type="0" Mark="4"  StmtID="61"  Line="24" StaticOnly="true"  MemAddressType="3" RW="1"  Size="8"  PtrUID="6"  VarUID="6" Offset="0" />
<TraceRecord Type="4" Mark="0"  StmtID="64"  Line="25" StaticOnly="true"  FuncCall="201" hasFrame="true">
<ArgumentAddress Index="0" MemAddressType="1"/>
<ArgumentAddress Index="1" MemAddressType="1"/>
</TraceRecord>
<TraceRecord Type="0" Mark="4"  StmtID="65"  Line="25" StaticOnly="true"  MemAddressType="3" RW="1"  Size="8"  PtrUID="7"  VarUID="7" Offset="0" />
<TraceRecord Type="0" Mark="4"  StmtID="69"  Line="27" StaticOnly="true"  MemAddressType="3" RW="1"  Size="4"  PtrUID="8"  VarUID="8" Offset="0" />
<TraceRecord Type="6" Mark="1"  StmtID="70"  Line="27"  DestBB="5"/>
<SourceRange BeginLine="20" BeginColumn="5" EndLine="27" EndColumn="19"/>
</BBData>
<BBData ID="5" Name="for.cond10" RegionId="3" IsLoopHeader="true" IsFunctionExit="false">
<Predecessor>7</Predecessor>
<Predecessor>4</Predecessor>
<Successor>6</Successor>
<Successor>8</Successor>
<FirstStmtId>71</FirstStmtId>
<LastStmtId>74</LastStmtId>
<TraceRecord Type="0" Mark="4"  StmtID="72"  Line="27" StaticOnly="true"  MemAddressType="3" RW="0"  Size="4"  PtrUID="8"  VarUID="8" Offset="0" />
<TraceRecord Type="6" Mark="48"  StmtID="74"  Line="27"  DestBB="8" OtherBB="6"  Size="513"/>
<SourceRange BeginLine="27" BeginColumn="5" EndLine="27" EndColumn="19"/>
</BBData>
<BBData ID="6" Name="for.body12" RegionId="3" IsLoopHeader="false" IsFunctionExit="false">
<Predecessor>5</Predecessor>
<Successor>7</Successor>
<FirstStmtId>75</FirstStmtId>
<LastStmtId>92</LastStmtId>
<TraceRecord Type="0" Mark="4"  StmtID="77"  Line="28" StaticOnly="true"  MemAddressType="3" RW="0"  Size="8"  PtrUID="5"  VarUID="5" Offset="0" />
<TraceRecord Type="0" Mark="4"  StmtID="78"  Line="28" StaticOnly="true"  MemAddressType="3" RW="0"  Size="4"  PtrUID="8"  VarUID="8" Offset="0" />
<TraceRecord Type="0" Mark="4"  StmtID="81"  Line="28"  MemAddressType="3" RW="0"  Size="2"  PtrUID="1"  VarUID="1">
<AffineLoopExpression Constant="0">
<Coefficient RegionID="3" RegionNestingDifference="0" Value="2"/>
</AffineLoopExpression>
</TraceRecord>
<TraceRecord Type="4" Mark="0"  StmtID="83"  Line="28" StaticOnly="true"  FuncCall="202" hasFrame="true">
<ArgumentAddress Index="0" MemAddressType="1"/>
<ArgumentAddress Index="1" MemAddressType="1"/>
</TraceRecord>
<TraceRecord Type="0" Mark="4"  StmtID="85"  Line="29" StaticOnly="true"  MemAddressType="3" RW="0"  Size="8"  PtrUID="6"  VarUID="6" Offset="0" />
<TraceRecord Type="0" Mark="4"  StmtID="86"  Line="29" StaticOnly="true"  MemAddressType="3" RW="0"  Size="4"  PtrUID="8"  VarUID="8" Offset="0" />
<TraceRecord Type="0" Mark="4"  StmtID="89"  Line="29"  MemAddressType="3" RW="0"  Size="2"  PtrUID="2"  VarUID="2">
<AffineLoopExpression Constant="0">
<Coefficient RegionID="3" RegionNestingDifference="0" Value="2"/>
</AffineLoopExpression>
</TraceRecord>
<TraceRecord Type="4" Mark="0"  StmtID="91"  Line="29" StaticOnly="true"  FuncCall="202" hasFrame="true">
<ArgumentAddress Index="0" MemAddressType="1"/>
<ArgumentAddress Index="1" MemAddressType="1"/>
</TraceRecord>
<TraceRecord Type="6" Mark="1"  StmtID="92"  Line="30"  DestBB="7"/>
<SourceRange BeginLine="28" BeginColumn="9" EndLine="30" EndColumn="5"/>
</BBData>
<BBData ID="7" Name="for.inc21" RegionId="3" IsLoopHeader="false" IsFunctionExit="false">
<Predecessor>6</Predecessor>
<Successor>5</Successor>
<FirstStmtId>93</FirstStmtId>
<LastStmtId>97</LastStmtId>
<TraceRecord Type="0" Mark="4"  StmtID="94"  Line="27" StaticOnly="true"  MemAddressType="3" RW="0"  Size="4"  PtrUID="8"  VarUID="8" Offset="0" />
<TraceRecord Type="0" Mark="4"  StmtID="96"  Line="27" StaticOnly="true"  MemAddressType="3" RW="1"  Size="4"  PtrUID="8"  VarUID="8" Offset="0" />
<TraceRecord Type="6" Mark="1"  StmtID="97"  Line="27"  DestBB="5"/>
<SourceRange BeginLine="27" BeginColumn="28" EndLine="27" EndColumn="29"/>
</BBData>
<BBData ID="8" Name="for.end23" RegionId="0" IsLoopHeader="false" IsFunctionExit="false">
<Predecessor>5</Predecessor>
<Successor>9</Successor>
<FirstStmtId>98</FirstStmtId>
<LastStmtId>103</LastStmtId>
<LocalVariable ArgNumber="0" DeclaredElementCount="0" File="2" InstrId="10" IsArtificial="false" IsConstant="false" Line="32" LocalIdInFunc="9" MayBeAliased="false" Name="i" Size="4" Type="10" global_id="9"/>
<TraceRecord Type="0" Mark="4"  StmtID="102"  Line="32" StaticOnly="true"  MemAddressType="3" RW="1"  Size="4"  PtrUID="9"  VarUID="9" Offset="0" />
<TraceRecord Type="6" Mark="1"  StmtID="103"  Line="32"  DestBB="9"/>
<SourceRange BeginLine="32" BeginColumn="5" EndLine="32" EndColumn="19"/>
</BBData>
<BBData ID="9" Name="for.cond25" RegionId="2" IsLoopHeader="true" IsFunctionExit="false">
<Predecessor>11</Predecessor>
<Predecessor>8</Predecessor>
<Successor>10</Successor>
<Successor>12</Successor>
<FirstStmtId>104</FirstStmtId>
<LastStmtId>107</LastStmtId>
<TraceRecord Type="0" Mark="4"  StmtID="105"  Line="32" StaticOnly="true"  MemAddressType="3" RW="0"  Size="4"  PtrUID="9"  VarUID="9" Offset="0" />
<TraceRecord Type="6" Mark="48"  StmtID="107"  Line="32"  DestBB="12" OtherBB="10"  Size="129"/>
<SourceRange BeginLine="32" BeginColumn="5" EndLine="32" EndColumn="19"/>
</BBData>
<BBData ID="10" Name="for.body27" RegionId="2" IsLoopHeader="false" IsFunctionExit="false">
<Predecessor>9</Predecessor>
<Successor>11</Successor>
<FirstStmtId>108</FirstStmtId>
<LastStmtId>116</LastStmtId>
<TraceRecord Type="0" Mark="4"  StmtID="110"  Line="33" StaticOnly="true"  MemAddressType="3" RW="0"  Size="8"  PtrUID="7"  VarUID="7" Offset="0" />
<TraceRecord Type="0" Mark="4"  StmtID="111"  Line="33" StaticOnly="true"  MemAddressType="3" RW="0"  Size="4"  PtrUID="9"  VarUID="9" Offset="0" />
<TraceRecord Type="0" Mark="4"  StmtID="114"  Line="33"  MemAddressType="3" RW="0"  Size="4"  PtrUID="3"  VarUID="3">
<AffineLoopExpression Constant="0">
<Coefficient RegionID="2" RegionNestingDifference="0" Value="4"/>
</AffineLoopExpression>
</TraceRecord>
<TraceRecord Type="4" Mark="0"  StmtID="115"  Line="33" StaticOnly="true"  FuncCall="202" hasFrame="true">
<ArgumentAddress Index="0" MemAddressType="1"/>
<ArgumentAddress Index="1" MemAddressType="1"/>
</TraceRecord>
<TraceRecord Type="6" Mark="1"  StmtID="116"  Line="34"  DestBB="11"/>
<SourceRange BeginLine="33" BeginColumn="9" EndLine="34" EndColumn="5"/>
</BBData>
<BBData ID="11" Name="for.inc31" RegionId="2" IsLoopHeader="false" IsFunctionExit="false">
<Predecessor>10</Predecessor>
<Successor>9</Successor>
<FirstStmtId>117</FirstStmtId>
<LastStmtId>121</LastStmtId>
<TraceRecord Type="0" Mark="4"  StmtID="118"  Line="32" StaticOnly="true"  MemAddressType="3" RW="0"  Size="4"  PtrUID="9"  VarUID="9" Offset="0" />
<TraceRecord Type="0" Mark="4"  StmtID="120"  Line="32" StaticOnly="true"  MemAddressType="3" RW="1"  Size="4"  PtrUID="9"  VarUID="9" Offset="0" />
<TraceRecord Type="6" Mark="1"  StmtID="121"  Line="32"  DestBB="9"/>
<SourceRange BeginLine="32" BeginColumn="30" EndLine="32" EndColumn="31"/>
</BBData>
<BBData ID="12" Name="for.end33" RegionId="0" IsLoopHeader="false" IsFunctionExit="false">
<Predecessor>9</Predecessor>
<Successor>13</Successor>
<FirstStmtId>122</FirstStmtId>
<LastStmtId>136</LastStmtId>
<LocalVariable ArgNumber="0" DeclaredElementCount="0" File="2" InstrId="11" IsArtificial="false" IsConstant="false" Line="42" LocalIdInFunc="10" MayBeAliased="false" Name="i" Size="4" Type="10" global_id="10"/>
<TraceRecord Type="0" Mark="4"  StmtID="124"  Line="37" StaticOnly="true"  MemAddressType="3" RW="0"  Size="8"  PtrUID="5"  VarUID="5" Offset="0" />
<TraceRecord Type="4" Mark="0"  StmtID="125"  Line="37" StaticOnly="true"  FuncCall="203" hasFrame="true">
<ArgumentAddress Index="0" MemAddressType="1"/>
</TraceRecord>
<TraceRecord Type="0" Mark="4"  StmtID="127"  Line="38" StaticOnly="true"  MemAddressType="3" RW="0"  Size="8"  PtrUID="6"  VarUID="6" Offset="0" />
<TraceRecord Type="4" Mark="0"  StmtID="128"  Line="38" StaticOnly="true"  FuncCall="203" hasFrame="true">
<ArgumentAddress Index="0" MemAddressType="1"/>
</TraceRecord>
<TraceRecord Type="0" Mark="4"  StmtID="130"  Line="39" StaticOnly="true"  MemAddressType="3" RW="0"  Size="8"  PtrUID="7"  VarUID="7" Offset="0" />
<TraceRecord Type="4" Mark="0"  StmtID="131"  Line="39" StaticOnly="true"  FuncCall="203" hasFrame="true">
<ArgumentAddress Index="0" MemAddressType="1"/>
</TraceRecord>
<TraceRecord Type="0" Mark="4"  StmtID="135"  Line="42" StaticOnly="true"  MemAddressType="3" RW="1"  Size="4"  PtrUID="10"  VarUID="10" Offset="0" />
<TraceRecord Type="6" Mark="1"  StmtID="136"  Line="42"  DestBB="13"/>
<SourceRange BeginLine="37" BeginColumn="5" EndLine="42" EndColumn="19"/>
</BBData>
<BBData ID="13" Name="for.cond38" RegionId="1" IsLoopHeader="true" IsFunctionExit="false">
<Predecessor>15</Predecessor>
<Predecessor>12</Predecessor>
<Successor>14</Successor>
<Successor>16</Successor>
<FirstStmtId>137</FirstStmtId>
<LastStmtId>140</LastStmtId>
<TraceRecord Type="0" Mark="4"  StmtID="138"  Line="42" StaticOnly="true"  MemAddressType="3" RW="0"  Size="4"  PtrUID="10"  VarUID="10" Offset="0" />
<TraceRecord Type="6" Mark="48"  StmtID="140"  Line="42"  DestBB="16" OtherBB="14"  Size="129"/>
<SourceRange BeginLine="42" BeginColumn="5" EndLine="42" EndColumn="19"/>
</BBData>
<BBData ID="14" Name="for.body40" RegionId="1" IsLoopHeader="false" IsFunctionExit="false">
<Predecessor>13</Predecessor>
<Successor>15</Successor>
<FirstStmtId>141</FirstStmtId>
<LastStmtId>149</LastStmtId>
<TraceRecord Type="0" Mark="4"  StmtID="143"  Line="43" StaticOnly="true"  MemAddressType="3" RW="0"  Size="4"  PtrUID="10"  VarUID="10" Offset="0" />
<TraceRecord Type="0" Mark="4"  StmtID="144"  Line="43" StaticOnly="true"  MemAddressType="3" RW="0"  Size="4"  PtrUID="10"  VarUID="10" Offset="0" />
<TraceRecord Type="0" Mark="4"  StmtID="147"  Line="43"  MemAddressType="3" RW="0"  Size="4"  PtrUID="3"  VarUID="3">
<AffineLoopExpression Constant="0">
<Coefficient RegionID="1" RegionNestingDifference="0" Value="4"/>
</AffineLoopExpression>
</TraceRecord>
<TraceRecord Type="4" Mark="0"  StmtID="148"  Line="43" StaticOnly="true"  FuncCall="204" hasFrame="true">
<ArgumentAddress Index="0" MemAddressType="1"/>
</TraceRecord>
<TraceRecord Type="6" Mark="1"  StmtID="149"  Line="44"  DestBB="15"/>
<SourceRange BeginLine="43" BeginColumn="9" EndLine="44" EndColumn="5"/>
</BBData>
<BBData ID="15" Name="for.inc44" RegionId="1" IsLoopHeader="false" IsFunctionExit="false">
<Predecessor>14</Predecessor>
<Successor>13</Successor>
<FirstStmtId>150</FirstStmtId>
<LastStmtId>154</LastStmtId>
<TraceRecord Type="0" Mark="4"  StmtID="151"  Line="42" StaticOnly="true"  MemAddressType="3" RW="0"  Size="4"  PtrUID="10"  VarUID="10" Offset="0" />
<TraceRecord Type="0" Mark="4"  StmtID="153"  Line="42" StaticOnly="true"  MemAddressType="3" RW="1"  Size="4"  PtrUID="10"  VarUID="10" Offset="0" />
<TraceRecord Type="6" Mark="1"  StmtID="154"  Line="42"  DestBB="13"/>
<SourceRange BeginLine="42" BeginColumn="30" EndLine="42" EndColumn="31"/>
</BBData>
<BBData ID="16" Name="for.end46" RegionId="0" IsLoopHeader="false" IsFunctionExit="true">
<Predecessor>13</Predecessor>
<FirstStmtId>155</FirstStmtId>
<LastStmtId>158</LastStmtId>
<SourceRange BeginLine="46" BeginColumn="5" EndLine="46" EndColumn="12"/>
</BBData>
<Region ID="0" Boundary="4" Parent="0" LoopId="0" Header="0" HasBlockSchema="true" Kind="Function">
<SourceRange BeginLine="8" BeginColumn="0" EndLine="46" EndColumn="12"/>
</Region>
<Region ID="1" Boundary="1" Parent="0" LoopId="1" Header="13" HasBlockSchema="true" Kind="Loop" UpperBoundHeaderCount="129">
<ExitBlock>16</ExitBlock>
<InductionVar VarId="10" InitialValue="0" IncrementStep="1" IsDefinitelyMonotonic="true" IsLoopControlVar="true" IncrComputeInstrId="152"/>
<SourceRange BeginLine="42" BeginColumn="5" EndLine="44" EndColumn="5"/>
</Region>
<Region ID="2" Boundary="2" Parent="0" LoopId="2" Header="9" HasBlockSchema="true" Kind="Loop" UpperBoundHeaderCount="129">
<ExitBlock>12</ExitBlock>
<InductionVar VarId="9" InitialValue="0" IncrementStep="1" IsDefinitelyMonotonic="true" IsLoopControlVar="true" IncrComputeInstrId="119"/>
<SourceRange BeginLine="32" BeginColumn="5" EndLine="34" EndColumn="5"/>
</Region>
<Region ID="3" Boundary="3" Parent="0" LoopId="3" Header="5" HasBlockSchema="true" Kind="Loop" UpperBoundHeaderCount="513">
<ExitBlock>8</ExitBlock>
<InductionVar VarId="8" InitialValue="0" IncrementStep="1" IsDefinitelyMonotonic="true" IsLoopControlVar="true" IncrComputeInstrId="95"/>
<SourceRange BeginLine="27" BeginColumn="5" EndLine="30" EndColumn="5"/>
</Region>
<Region ID="4" Boundary="4" Parent="0" LoopId="4" Header="1" HasBlockSchema="true" Kind="Loop" UpperBoundHeaderCount="513">
<ExitBlock>4</ExitBlock>
<InductionVar VarId="4" InitialValue="0" IncrementStep="1" IsDefinitelyMonotonic="true" IsLoopControlVar="true" IncrComputeInstrId="45"/>
<SourceRange BeginLine="14" BeginColumn="5" EndLine="17" EndColumn="5"/>
</Region>
<SourceRange BeginLine="8" BeginColumn="0" EndLine="46" EndColumn="12"/>
</function>
<function global_id="201" Name="fopen" File="0" CUFile="0" arguments="2" HasArtificialBody="false" HasArtificialDeclaration="false" SIMDInstructionsPercentage="0" FullyQualifiedName="fopen" isDeclaration="true">
<SourceRange BeginLine="0" BeginColumn="0" EndLine="0" EndColumn="0"/>
</function>
<function global_id="202" Name="fprintf" File="0" CUFile="0" arguments="2" HasArtificialBody="false" HasArtificialDeclaration="false" SIMDInstructionsPercentage="0" FullyQualifiedName="fprintf" isDeclaration="true">
<SourceRange BeginLine="0" BeginColumn="0" EndLine="0" EndColumn="0"/>
</function>
<function global_id="203" Name="fclose" File="0" CUFile="0" arguments="1" HasArtificialBody="false" HasArtificialDeclaration="false" SIMDInstructionsPercentage="0" FullyQualifiedName="fclose" isDeclaration="true">
<SourceRange BeginLine="0" BeginColumn="0" EndLine="0" EndColumn="0"/>
</function>
<function global_id="204" Name="printf" File="0" CUFile="0" arguments="1" HasArtificialBody="false" HasArtificialDeclaration="false" SIMDInstructionsPercentage="0" FullyQualifiedName="printf" isDeclaration="true">
<SourceRange BeginLine="0" BeginColumn="0" EndLine="0" EndColumn="0"/>
</function>
<function global_id="205" Name="_Z18diferencia_energiaPsS_Pi" File="3" CUFile="3" arguments="3" HasArtificialBody="false" HasArtificialDeclaration="false" SIMDInstructionsPercentage="0" FullyQualifiedName="diferencia_energia" IsNonSys="true" DisplayName="diferencia_energia" isDeclaration="false">
<BBData ID="0" Name="entry" RegionId="0" IsLoopHeader="false" IsFunctionExit="false">
<Successor>1</Successor>
<FirstStmtId>159</FirstStmtId>
<LastStmtId>181</LastStmtId>
<LocalVariable ArgNumber="1" DeclaredElementCount="512" File="3" InstrId="159" IsArtificial="false" IsConstant="false" Line="5" LlvmArgNumber="0" LocalIdInFunc="0" MayBeAliased="false" MayPointeeBeAliasedFurther="false" Name="sigA" Size="8" Type="14" global_id="12"/>
<LocalVariable ArgNumber="2" DeclaredElementCount="512" File="3" InstrId="160" IsArtificial="false" IsConstant="false" Line="5" LlvmArgNumber="1" LocalIdInFunc="1" MayBeAliased="false" MayPointeeBeAliasedFurther="false" Name="sigB" Size="8" Type="14" global_id="13"/>
<LocalVariable ArgNumber="3" DeclaredElementCount="128" File="3" InstrId="161" IsArtificial="false" IsConstant="false" Line="5" LlvmArgNumber="2" LocalIdInFunc="2" MayBeAliased="false" MayPointeeBeAliasedFurther="false" Name="energia" Size="8" Type="15" global_id="14"/>
<LocalVariable ArgNumber="0" DeclaredElementCount="0" File="3" InstrId="162" IsArtificial="false" IsConstant="false" Line="14" LocalIdInFunc="3" MayBeAliased="false" Name="i" Size="4" Type="10" global_id="15"/>
<TraceRecord Type="6" Mark="44"  StmtID="166"  Line="5" StaticOnly="true" SymUID="0" ArgumentAsAddress="0"/>
<TraceRecord Type="0" Mark="4"  StmtID="166"  Line="5" StaticOnly="true"  MemAddressType="3" RW="1"  Size="8"  PtrUID="12"  VarUID="12" Offset="0" />
<TraceRecord Type="6" Mark="44"  StmtID="168"  Line="5" StaticOnly="true" SymUID="1" ArgumentAsAddress="1"/>
<TraceRecord Type="0" Mark="4"  StmtID="168"  Line="5" StaticOnly="true"  MemAddressType="3" RW="1"  Size="8"  PtrUID="13"  VarUID="13" Offset="0" />
<TraceRecord Type="6" Mark="44"  StmtID="170"  Line="5" StaticOnly="true" SymUID="2" ArgumentAsAddress="2"/>
<TraceRecord Type="0" Mark="4"  StmtID="170"  Line="5" StaticOnly="true"  MemAddressType="3" RW="1"  Size="8"  PtrUID="14"  VarUID="14" Offset="0" />
<TraceRecord Type="4" Mark="0"  StmtID="172"  Line="7" StaticOnly="true"  FuncCall="206" hasFrame="true"/>
<TraceRecord Type="4" Mark="0"  StmtID="173"  Line="8" StaticOnly="true"  FuncCall="206" hasFrame="true"/>
<TraceRecord Type="4" Mark="0"  StmtID="174"  Line="9" StaticOnly="true"  FuncCall="206" hasFrame="true"/>
<TraceRecord Type="4" Mark="0"  StmtID="175"  Line="11" StaticOnly="true"  FuncCall="206" hasFrame="true"/>
<TraceRecord Type="4" Mark="0"  StmtID="176"  Line="12" StaticOnly="true"  FuncCall="206" hasFrame="true"/>
<TraceRecord Type="0" Mark="4"  StmtID="180"  Line="14" StaticOnly="true"  MemAddressType="3" RW="1"  Size="4"  PtrUID="15"  VarUID="15" Offset="0" />
<TraceRecord Type="6" Mark="1"  StmtID="181"  Line="14"  DestBB="1"/>
<SourceRange BeginLine="5" BeginColumn="0" EndLine="19" EndColumn="53"/>
</BBData>
<BBData ID="1" Name="for.cond" RegionId="1" IsLoopHeader="true" IsFunctionExit="false">
<Predecessor>7</Predecessor>
<Predecessor>0</Predecessor>
<Successor>2</Successor>
<Successor>8</Successor>
<FirstStmtId>182</FirstStmtId>
<LastStmtId>185</LastStmtId>
<TraceRecord Type="0" Mark="4"  StmtID="183"  Line="14" StaticOnly="true"  MemAddressType="3" RW="0"  Size="4"  PtrUID="15"  VarUID="15" Offset="0" />
<TraceRecord Type="6" Mark="48"  StmtID="185"  Line="14"  DestBB="8" OtherBB="2"  Size="129"/>
<SourceRange BeginLine="14" BeginColumn="5" EndLine="14" EndColumn="19"/>
</BBData>
<BBData ID="2" Name="for.body" RegionId="1" IsLoopHeader="false" IsFunctionExit="false">
<Predecessor>1</Predecessor>
<Successor>3</Successor>
<FirstStmtId>186</FirstStmtId>
<LastStmtId>194</LastStmtId>
<LocalVariable ArgNumber="0" DeclaredElementCount="0" File="3" InstrId="163" IsArtificial="false" IsConstant="false" Line="15" LocalIdInFunc="4" MayBeAliased="false" Name="sum" Size="4" Type="8" global_id="16"/>
<LocalVariable ArgNumber="0" DeclaredElementCount="0" File="3" InstrId="164" IsArtificial="false" IsConstant="false" Line="18" LocalIdInFunc="5" MayBeAliased="false" Name="j" Size="4" Type="10" global_id="17"/>
<TraceRecord Type="0" Mark="4"  StmtID="189"  Line="15" StaticOnly="true"  MemAddressType="3" RW="1"  Size="4"  PtrUID="16"  VarUID="16" Offset="0" />
<TraceRecord Type="0" Mark="4"  StmtID="193"  Line="18" StaticOnly="true"  MemAddressType="3" RW="1"  Size="4"  PtrUID="17"  VarUID="17" Offset="0" />
<TraceRecord Type="6" Mark="1"  StmtID="194"  Line="18"  DestBB="3"/>
<SourceRange BeginLine="15" BeginColumn="9" EndLine="18" EndColumn="23"/>
</BBData>
<BBData ID="3" Name="for.cond1" RegionId="2" IsLoopHeader="true" IsFunctionExit="false">
<Predecessor>5</Predecessor>
<Predecessor>2</Predecessor>
<Successor>4</Successor>
<Successor>6</Successor>
<FirstStmtId>195</FirstStmtId>
<LastStmtId>198</LastStmtId>
<TraceRecord Type="0" Mark="4"  StmtID="196"  Line="18" StaticOnly="true"  MemAddressType="3" RW="0"  Size="4"  PtrUID="17"  VarUID="17" Offset="0" />
<TraceRecord Type="6" Mark="48"  StmtID="198"  Line="18"  DestBB="6" OtherBB="4"  Size="5"/>
<SourceRange BeginLine="18" BeginColumn="9" EndLine="18" EndColumn="23"/>
</BBData>
<BBData ID="4" Name="for.body3" RegionId="2" IsLoopHeader="false" IsFunctionExit="false">
<Predecessor>3</Predecessor>
<Successor>5</Successor>
<FirstStmtId>199</FirstStmtId>
<LastStmtId>226</LastStmtId>
<LocalVariable ArgNumber="0" DeclaredElementCount="0" File="3" InstrId="165" IsArtificial="false" IsConstant="false" Line="19" LocalIdInFunc="6" MayBeAliased="false" Name="diff" Size="2" Type="4" global_id="18"/>
<TraceRecord Type="0" Mark="4"  StmtID="202"  Line="19" StaticOnly="true"  MemAddressType="3" RW="0"  Size="8"  PtrUID="12"  VarUID="12" Offset="0" />
<TraceRecord Type="0" Mark="4"  StmtID="203"  Line="19" StaticOnly="true"  MemAddressType="3" RW="0"  Size="4"  PtrUID="15"  VarUID="15" Offset="0" />
<TraceRecord Type="0" Mark="4"  StmtID="204"  Line="19" StaticOnly="true"  MemAddressType="3" RW="0"  Size="4"  PtrUID="17"  VarUID="17" Offset="0" />
<TraceRecord Type="0" Mark="4"  StmtID="208"  Line="19"  MemAddressType="2" RW="0"  Size="2"  PtrUID="12"  SymUID="0" >
<AffineLoopExpression Constant="0">
<Coefficient RegionID="1" RegionNestingDifference="1" Value="8"/>
<Coefficient RegionID="2" RegionNestingDifference="0" Value="2"/>
</AffineLoopExpression>
</TraceRecord>
<TraceRecord Type="0" Mark="4"  StmtID="209"  Line="19" StaticOnly="true"  MemAddressType="3" RW="0"  Size="8"  PtrUID="13"  VarUID="13" Offset="0" />
<TraceRecord Type="0" Mark="4"  StmtID="210"  Line="19" StaticOnly="true"  MemAddressType="3" RW="0"  Size="4"  PtrUID="15"  VarUID="15" Offset="0" />
<TraceRecord Type="0" Mark="4"  StmtID="211"  Line="19" StaticOnly="true"  MemAddressType="3" RW="0"  Size="4"  PtrUID="17"  VarUID="17" Offset="0" />
<TraceRecord Type="0" Mark="4"  StmtID="215"  Line="19"  MemAddressType="2" RW="0"  Size="2"  PtrUID="13"  SymUID="1" >
<AffineLoopExpression Constant="0">
<Coefficient RegionID="1" RegionNestingDifference="1" Value="8"/>
<Coefficient RegionID="2" RegionNestingDifference="0" Value="2"/>
</AffineLoopExpression>
</TraceRecord>
<TraceRecord Type="0" Mark="4"  StmtID="217"  Line="19" StaticOnly="true"  MemAddressType="3" RW="1"  Size="2"  PtrUID="18"  VarUID="18" Offset="0" />
<TraceRecord Type="0" Mark="4"  StmtID="218"  Line="20" StaticOnly="true"  MemAddressType="3" RW="0"  Size="2"  PtrUID="18"  VarUID="18" Offset="0" />
<TraceRecord Type="0" Mark="4"  StmtID="220"  Line="20" StaticOnly="true"  MemAddressType="3" RW="0"  Size="2"  PtrUID="18"  VarUID="18" Offset="0" />
<TraceRecord Type="0" Mark="4"  StmtID="223"  Line="20" StaticOnly="true"  MemAddressType="3" RW="0"  Size="4"  PtrUID="16"  VarUID="16" Offset="0" />
<TraceRecord Type="0" Mark="4"  StmtID="225"  Line="20" StaticOnly="true"  MemAddressType="3" RW="1"  Size="4"  PtrUID="16"  VarUID="16" Offset="0" />
<TraceRecord Type="6" Mark="1"  StmtID="226"  Line="21"  DestBB="5"/>
<SourceRange BeginLine="19" BeginColumn="13" EndLine="21" EndColumn="9"/>
</BBData>
<BBData ID="5" Name="for.inc" RegionId="2" IsLoopHeader="false" IsFunctionExit="false">
<Predecessor>4</Predecessor>
<Successor>3</Successor>
<FirstStmtId>227</FirstStmtId>
<LastStmtId>231</LastStmtId>
<TraceRecord Type="0" Mark="4"  StmtID="228"  Line="18" StaticOnly="true"  MemAddressType="3" RW="0"  Size="4"  PtrUID="17"  VarUID="17" Offset="0" />
<TraceRecord Type="0" Mark="4"  StmtID="230"  Line="18" StaticOnly="true"  MemAddressType="3" RW="1"  Size="4"  PtrUID="17"  VarUID="17" Offset="0" />
<TraceRecord Type="6" Mark="1"  StmtID="231"  Line="18"  DestBB="3"/>
<SourceRange BeginLine="18" BeginColumn="32" EndLine="18" EndColumn="33"/>
</BBData>
<BBData ID="6" Name="for.end" RegionId="1" IsLoopHeader="false" IsFunctionExit="false">
<Predecessor>3</Predecessor>
<Successor>7</Successor>
<FirstStmtId>232</FirstStmtId>
<LastStmtId>241</LastStmtId>
<TraceRecord Type="0" Mark="4"  StmtID="234"  Line="22" StaticOnly="true"  MemAddressType="3" RW="0"  Size="4"  PtrUID="16"  VarUID="16" Offset="0" />
<TraceRecord Type="0" Mark="4"  StmtID="235"  Line="22" StaticOnly="true"  MemAddressType="3" RW="0"  Size="8"  PtrUID="14"  VarUID="14" Offset="0" />
<TraceRecord Type="0" Mark="4"  StmtID="236"  Line="22" StaticOnly="true"  MemAddressType="3" RW="0"  Size="4"  PtrUID="15"  VarUID="15" Offset="0" />
<TraceRecord Type="2" Mark="4"  StmtID="240"  Line="22"  MemAddressType="2" RW="1"  Size="4"  PtrUID="14"  SymUID="2" />
<TraceRecord Type="6" Mark="1"  StmtID="241"  Line="23"  DestBB="7"/>
<SourceRange BeginLine="22" BeginColumn="9" EndLine="23" EndColumn="5"/>
</BBData>
<BBData ID="7" Name="for.inc14" RegionId="1" IsLoopHeader="false" IsFunctionExit="false">
<Predecessor>6</Predecessor>
<Successor>1</Successor>
<FirstStmtId>242</FirstStmtId>
<LastStmtId>246</LastStmtId>
<TraceRecord Type="0" Mark="4"  StmtID="243"  Line="14" StaticOnly="true"  MemAddressType="3" RW="0"  Size="4"  PtrUID="15"  VarUID="15" Offset="0" />
<TraceRecord Type="0" Mark="4"  StmtID="245"  Line="14" StaticOnly="true"  MemAddressType="3" RW="1"  Size="4"  PtrUID="15"  VarUID="15" Offset="0" />
<TraceRecord Type="6" Mark="1"  StmtID="246"  Line="14"  DestBB="1"/>
<SourceRange BeginLine="14" BeginColumn="28" EndLine="14" EndColumn="33"/>
</BBData>
<BBData ID="8" Name="for.end16" RegionId="0" IsLoopHeader="false" IsFunctionExit="true">
<Predecessor>1</Predecessor>
<FirstStmtId>247</FirstStmtId>
<LastStmtId>249</LastStmtId>
<SourceRange BeginLine="14" BeginColumn="28" EndLine="14" EndColumn="33"/>
</BBData>
<Region ID="0" Boundary="2" Parent="0" LoopId="0" Header="0" HasBlockSchema="true" Kind="Function">
<SourceRange BeginLine="5" BeginColumn="0" EndLine="23" EndColumn="5"/>
</Region>
<Region ID="1" Boundary="2" Parent="0" LoopId="5" Header="1" HasBlockSchema="true" Kind="Loop" UpperBoundHeaderCount="129">
<ExitBlock>8</ExitBlock>
<InductionVar VarId="15" InitialValue="0" IncrementStep="4" IsDefinitelyMonotonic="true" IsLoopControlVar="true" IncrComputeInstrId="244"/>
<SourceRange BeginLine="14" BeginColumn="5" EndLine="23" EndColumn="5"/>
</Region>
<Region ID="2" Boundary="2" Parent="1" LoopId="6" Header="3" HasBlockSchema="true" Kind="Loop" UpperBoundHeaderCount="5">
<ExitBlock>6</ExitBlock>
<InductionVar VarId="17" InitialValue="0" IncrementStep="1" IsDefinitelyMonotonic="true" IsLoopControlVar="true" IncrComputeInstrId="229"/>
<ReductionVar VarId="16" Opcode="13" StoreInstrId="225" InitialValue="0"/>
<SourceRange BeginLine="18" BeginColumn="9" EndLine="21" EndColumn="9"/>
</Region>
<SourceRange BeginLine="5" BeginColumn="0" EndLine="23" EndColumn="5"/>
</function>
<function global_id="206" Name="llvm.sideeffect" File="1" CUFile="1" arguments="0" HasArtificialBody="false" HasArtificialDeclaration="false" SIMDInstructionsPercentage="0" FullyQualifiedName="llvm.sideeffect" isDeclaration="true">
<SourceRange BeginLine="0" BeginColumn="0" EndLine="0" EndColumn="0"/>
</function>
<SymbolicIdCount>3</SymbolicIdCount>
</staticProfResults:Results>
