[
    {
        "name": "_Z18diferencia_energiaPsS_Pi",
        "df_function": "%F205",
        "df_type": "Function",
        "project": "SLX",
        "processes": {
            "1": {
                "id": "1",
                "name": "Artificial<Start>",
                "src_range": {
                    "start_loc": {
                        "file": "/users/ae002/Descargas/ejemplo/diferencia_energia.cpp",
                        "line": 5,
                        "column": 1
                    },
                    "end_loc": {
                        "file": "/users/ae002/Descargas/ejemplo/diferencia_energia.cpp",
                        "line": 24,
                        "column": 1
                    }
                },
                "display_name": "<START>",
                "kind": "start"
            },
            "2": {
                "id": "2",
                "name": "Artificial<End>",
                "src_range": {
                    "start_loc": {
                        "file": "/users/ae002/Descargas/ejemplo/diferencia_energia.cpp",
                        "line": 5,
                        "column": 1
                    },
                    "end_loc": {
                        "file": "/users/ae002/Descargas/ejemplo/diferencia_energia.cpp",
                        "line": 24,
                        "column": 1
                    }
                },
                "display_name": "<END>",
                "kind": "end"
            },
            "3": {
                "id": "3",
                "name": "Region<OutlineCall(R2 diferencia_energia) BB 'codeRepl' [Atomic,Loop,Atomic] 'Outline_T3_F205_R2_Loop'>",
                "src_range": {
                    "start_loc": {
                        "file": "/users/ae002/Descargas/ejemplo/diferencia_energia.cpp",
                        "line": 14,
                        "column": 5
                    },
                    "end_loc": {
                        "file": "/users/ae002/Descargas/ejemplo/diferencia_energia.cpp",
                        "line": 23,
                        "column": 5
                    }
                },
                "display_name": "Process 1",
                "io_signatures": {
                    "has_unresolved_accesses": false,
                    "accesses": [
                        {
                            "variable": {
                                "location": {
                                    "file": "/users/ae002/Descargas/ejemplo/diferencia_energia.cpp",
                                    "line": 5,
                                    "column": 0
                                },
                                "id": "VId_14_[?(?,32)]dc",
                                "name": "energia[*]",
                                "display_name": "int32_t energia[128]"
                            },
                            "reads": [],
                            "writes": [
                                {
                                    "access_kind": "Ptr",
                                    "range": {
                                        "ranges": [
                                            {
                                                "start": 0,
                                                "end": 512,
                                                "is_exact": true
                                            }
                                        ]
                                    },
                                    "instr": "store",
                                    "src_loc": {
                                        "file": "/users/ae002/Descargas/ejemplo/diferencia_energia.cpp",
                                        "line": 22,
                                        "column": 22
                                    },
                                    "access_type": "i32",
                                    "access_bit_width": 32,
                                    "exec_count": 128
                                }
                            ],
                            "kind": "Ptr",
                            "has_alias": false,
                            "arg_idx": 2
                        },
                        {
                            "variable": {
                                "location": {
                                    "file": "/users/ae002/Descargas/ejemplo/diferencia_energia.cpp",
                                    "line": 5,
                                    "column": 0
                                },
                                "id": "VId_12_[?(?,16)]dc",
                                "name": "sigA[*]",
                                "display_name": "int16_t sigA[512]"
                            },
                            "reads": [
                                {
                                    "access_kind": "Ptr",
                                    "range": {
                                        "ranges": [
                                            {
                                                "start": 0,
                                                "end": 1024,
                                                "is_exact": true
                                            }
                                        ]
                                    },
                                    "instr": "load",
                                    "src_loc": {
                                        "file": "/users/ae002/Descargas/ejemplo/diferencia_energia.cpp",
                                        "line": 19,
                                        "column": 28
                                    },
                                    "access_type": "i16",
                                    "access_bit_width": 16,
                                    "exec_count": 512
                                }
                            ],
                            "writes": [],
                            "kind": "Ptr",
                            "has_alias": false,
                            "arg_idx": 0
                        },
                        {
                            "variable": {
                                "location": {
                                    "file": "/users/ae002/Descargas/ejemplo/diferencia_energia.cpp",
                                    "line": 5,
                                    "column": 0
                                },
                                "id": "VId_13_[?(?,16)]dc",
                                "name": "sigB[*]",
                                "display_name": "int16_t sigB[512]"
                            },
                            "reads": [
                                {
                                    "access_kind": "Ptr",
                                    "range": {
                                        "ranges": [
                                            {
                                                "start": 0,
                                                "end": 1024,
                                                "is_exact": true
                                            }
                                        ]
                                    },
                                    "instr": "load",
                                    "src_loc": {
                                        "file": "/users/ae002/Descargas/ejemplo/diferencia_energia.cpp",
                                        "line": 19,
                                        "column": 42
                                    },
                                    "access_type": "i16",
                                    "access_bit_width": 16,
                                    "exec_count": 512
                                }
                            ],
                            "writes": [],
                            "kind": "Ptr",
                            "has_alias": false,
                            "arg_idx": 1
                        }
                    ]
                },
                "metrics": {
                    "initiation_interval": 390
                },
                "subregions": [
                    {
                        "id": "%F206_R1",
                        "description": "<function entry>"
                    },
                    {
                        "id": "%F206_R2",
                        "description": "<loop 'for.body'>",
                        "src_range": {
                            "start_loc": {
                                "file": "/users/ae002/Descargas/ejemplo/diferencia_energia.cpp",
                                "line": 14,
                                "column": 5
                            },
                            "end_loc": {
                                "file": "/users/ae002/Descargas/ejemplo/diferencia_energia.cpp",
                                "line": 23,
                                "column": 5
                            }
                        }
                    },
                    {
                        "id": "%F206_R7",
                        "description": "<function exit>"
                    }
                ],
                "subdataflow": [],
                "guidance": [
                    {
                        "type": "LoopGuidance",
                        "ti": {
                            "min": 384,
                            "max": 384
                        },
                        "ii": {
                            "min": 3,
                            "max": 3
                        },
                        "effective_tc": {
                            "min": 128,
                            "max": 128
                        },
                        "tc": {
                            "min": 128,
                            "max": 128
                        },
                        "ureg_id": "%L5",
                        "src_range": {
                            "start_loc": {
                                "file": "/users/ae002/Descargas/ejemplo/diferencia_energia.cpp",
                                "line": 14,
                                "column": 5
                            },
                            "end_loc": {
                                "file": "/users/ae002/Descargas/ejemplo/diferencia_energia.cpp",
                                "line": 23,
                                "column": 5
                            }
                        },
                        "details": []
                    },
                    {
                        "type": "LoopGuidance",
                        "ti": {
                            "min": 4,
                            "max": 4
                        },
                        "ii": {
                            "min": 4,
                            "max": 4
                        },
                        "effective_tc": {
                            "min": 1,
                            "max": 1
                        },
                        "tc": {
                            "min": 4,
                            "max": 4
                        },
                        "ureg_id": "%L6",
                        "src_range": {
                            "start_loc": {
                                "file": "/users/ae002/Descargas/ejemplo/diferencia_energia.cpp",
                                "line": 18,
                                "column": 9
                            },
                            "end_loc": {
                                "file": "/users/ae002/Descargas/ejemplo/diferencia_energia.cpp",
                                "line": 21,
                                "column": 9
                            }
                        },
                        "details": [
                            {
                                "type": "CyclicDependence",
                                "ii_lower_bound": {
                                    "min": 1,
                                    "max": 1
                                },
                                "variables": [
                                    {
                                        "name": "sum [phi]",
                                        "id": "<unknown>"
                                    },
                                    {
                                        "name": "add11 [add]",
                                        "id": "<unknown>",
                                        "location": {
                                            "file": "/users/ae002/Descargas/ejemplo/diferencia_energia.cpp",
                                            "line": 20,
                                            "column": 17
                                        }
                                    }
                                ]
                            }
                        ]
                    }
                ]
            }
        },
        "channels": {
            "sigA[*]_RAW_1_3_#0": {
                "name": "sigA[*]_RAW_1_3_#0",
                "variable_id": "VId_12_[?(?,16)]dc",
                "variable_name": "sigA[*]",
                "declaration": "int16_t sigA[512]",
                "kind": "Ptr",
                "dependence": "RAW",
                "channel_width": 16,
                "src_loc": {
                    "file": "/users/ae002/Descargas/ejemplo/diferencia_energia.cpp",
                    "line": 5,
                    "column": 0
                },
                "metrics": {
                    "volume": 8192,
                    "channel_rate": 2.1005128205128205E1
                },
                "source": "1",
                "sink": "3"
            },
            "sigB[*]_RAW_1_3_#1": {
                "name": "sigB[*]_RAW_1_3_#1",
                "variable_id": "VId_13_[?(?,16)]dc",
                "variable_name": "sigB[*]",
                "declaration": "int16_t sigB[512]",
                "kind": "Ptr",
                "dependence": "RAW",
                "channel_width": 16,
                "src_loc": {
                    "file": "/users/ae002/Descargas/ejemplo/diferencia_energia.cpp",
                    "line": 5,
                    "column": 0
                },
                "metrics": {
                    "volume": 8192,
                    "channel_rate": 2.1005128205128205E1
                },
                "source": "1",
                "sink": "3"
            },
            "energia[*]_RAW_3_2_#2": {
                "name": "energia[*]_RAW_3_2_#2",
                "variable_id": "VId_14_[?(?,32)]dc",
                "variable_name": "energia[*]",
                "declaration": "int32_t energia[128]",
                "kind": "Ptr",
                "dependence": "RAW",
                "channel_width": 32,
                "src_loc": {
                    "file": "/users/ae002/Descargas/ejemplo/diferencia_energia.cpp",
                    "line": 5,
                    "column": 0
                },
                "metrics": {
                    "volume": 4096,
                    "channel_rate": 1.0502564102564103E1
                },
                "source": "3",
                "sink": "2"
            }
        },
        "control": [
            {
                "source": "1",
                "sink": "3"
            },
            {
                "source": "3",
                "sink": "2"
            }
        ]
    }
]