<?xml version="1.0" encoding="utf-8"?>
<Messages>
	<Message severity="INFO" prefix="[HLS 200-111]" key="HLS_111_966" tag="RUNTIME" content="Finished File checks and directory preparation: CPU user time: 3.98 seconds. CPU system time: 0.35 seconds. Elapsed time: 4.36 seconds; current allocated memory: 328.914 MB." resolution=""/>
	<Message severity="INFO" prefix="[HLS 200-10]" key="HLS_10_1312" tag="" content="Analyzing design file &apos;/users/ae002/Descargas/ejemplo/diferencia_energia.cpp&apos; ..." resolution=""/>
	<Message severity="INFO" prefix="[HLS 200-111]" key="HLS_111_966" tag="RUNTIME" content="Finished Source Code Analysis and Preprocessing: CPU user time: 0.29 seconds. CPU system time: 0.34 seconds. Elapsed time: 0.86 seconds; current allocated memory: 331.059 MB." resolution=""/>
	<Message severity="INFO" prefix="[HLS 200-777]" key="HLS 200-777" tag="" content="Using interface defaults for &apos;Vitis&apos; flow target." resolution=""/>
	<Message severity="INFO" prefix="[HLS 200-1995]" key="HLS 200-1995" tag="" content="There were 45 instructions in the design after the &apos;Compile/Link&apos; phase of compilation. See the Design Size Report for more details: /users/ae002/Documentos/Getting_Started/Vitis_HLS/reference_files/workDCT/energia_diferencia/diferencia_energia/hls/syn/report/csynth_design_size.rpt" resolution=""/>
	<Message severity="INFO" prefix="[HLS 200-1995]" key="HLS 200-1995" tag="" content="There were 65 instructions in the design after the &apos;Unroll/Inline (step 1)&apos; phase of compilation. See the Design Size Report for more details: /users/ae002/Documentos/Getting_Started/Vitis_HLS/reference_files/workDCT/energia_diferencia/diferencia_energia/hls/syn/report/csynth_design_size.rpt" resolution=""/>
	<Message severity="INFO" prefix="[HLS 200-1995]" key="HLS 200-1995" tag="" content="There were 51 instructions in the design after the &apos;Unroll/Inline (step 2)&apos; phase of compilation. See the Design Size Report for more details: /users/ae002/Documentos/Getting_Started/Vitis_HLS/reference_files/workDCT/energia_diferencia/diferencia_energia/hls/syn/report/csynth_design_size.rpt" resolution=""/>
	<Message severity="INFO" prefix="[HLS 200-1995]" key="HLS 200-1995" tag="" content="There were 51 instructions in the design after the &apos;Unroll/Inline (step 3)&apos; phase of compilation. See the Design Size Report for more details: /users/ae002/Documentos/Getting_Started/Vitis_HLS/reference_files/workDCT/energia_diferencia/diferencia_energia/hls/syn/report/csynth_design_size.rpt" resolution=""/>
	<Message severity="INFO" prefix="[HLS 200-1995]" key="HLS 200-1995" tag="" content="There were 51 instructions in the design after the &apos;Unroll/Inline (step 4)&apos; phase of compilation. See the Design Size Report for more details: /users/ae002/Documentos/Getting_Started/Vitis_HLS/reference_files/workDCT/energia_diferencia/diferencia_energia/hls/syn/report/csynth_design_size.rpt" resolution=""/>
	<Message severity="INFO" prefix="[HLS 200-1995]" key="HLS 200-1995" tag="" content="There were 140 instructions in the design after the &apos;Array/Struct (step 1)&apos; phase of compilation. See the Design Size Report for more details: /users/ae002/Documentos/Getting_Started/Vitis_HLS/reference_files/workDCT/energia_diferencia/diferencia_energia/hls/syn/report/csynth_design_size.rpt" resolution=""/>
	<Message severity="INFO" prefix="[HLS 200-1995]" key="HLS 200-1995" tag="" content="There were 61 instructions in the design after the &apos;Array/Struct (step 2)&apos; phase of compilation. See the Design Size Report for more details: /users/ae002/Documentos/Getting_Started/Vitis_HLS/reference_files/workDCT/energia_diferencia/diferencia_energia/hls/syn/report/csynth_design_size.rpt" resolution=""/>
	<Message severity="INFO" prefix="[HLS 200-1995]" key="HLS 200-1995" tag="" content="There were 61 instructions in the design after the &apos;Array/Struct (step 3)&apos; phase of compilation. See the Design Size Report for more details: /users/ae002/Documentos/Getting_Started/Vitis_HLS/reference_files/workDCT/energia_diferencia/diferencia_energia/hls/syn/report/csynth_design_size.rpt" resolution=""/>
	<Message severity="INFO" prefix="[HLS 200-1995]" key="HLS 200-1995" tag="" content="There were 61 instructions in the design after the &apos;Array/Struct (step 4)&apos; phase of compilation. See the Design Size Report for more details: /users/ae002/Documentos/Getting_Started/Vitis_HLS/reference_files/workDCT/energia_diferencia/diferencia_energia/hls/syn/report/csynth_design_size.rpt" resolution=""/>
	<Message severity="INFO" prefix="[HLS 200-1995]" key="HLS 200-1995" tag="" content="There were 61 instructions in the design after the &apos;Array/Struct (step 5)&apos; phase of compilation. See the Design Size Report for more details: /users/ae002/Documentos/Getting_Started/Vitis_HLS/reference_files/workDCT/energia_diferencia/diferencia_energia/hls/syn/report/csynth_design_size.rpt" resolution=""/>
	<Message severity="INFO" prefix="[HLS 200-1995]" key="HLS 200-1995" tag="" content="There were 61 instructions in the design after the &apos;Performance (step 1)&apos; phase of compilation. See the Design Size Report for more details: /users/ae002/Documentos/Getting_Started/Vitis_HLS/reference_files/workDCT/energia_diferencia/diferencia_energia/hls/syn/report/csynth_design_size.rpt" resolution=""/>
	<Message severity="INFO" prefix="[HLS 200-1995]" key="HLS 200-1995" tag="" content="There were 61 instructions in the design after the &apos;Performance (step 2)&apos; phase of compilation. See the Design Size Report for more details: /users/ae002/Documentos/Getting_Started/Vitis_HLS/reference_files/workDCT/energia_diferencia/diferencia_energia/hls/syn/report/csynth_design_size.rpt" resolution=""/>
	<Message severity="INFO" prefix="[HLS 200-1995]" key="HLS 200-1995" tag="" content="There were 61 instructions in the design after the &apos;Performance (step 3)&apos; phase of compilation. See the Design Size Report for more details: /users/ae002/Documentos/Getting_Started/Vitis_HLS/reference_files/workDCT/energia_diferencia/diferencia_energia/hls/syn/report/csynth_design_size.rpt" resolution=""/>
	<Message severity="INFO" prefix="[HLS 200-1995]" key="HLS 200-1995" tag="" content="There were 61 instructions in the design after the &apos;Performance (step 4)&apos; phase of compilation. See the Design Size Report for more details: /users/ae002/Documentos/Getting_Started/Vitis_HLS/reference_files/workDCT/energia_diferencia/diferencia_energia/hls/syn/report/csynth_design_size.rpt" resolution=""/>
	<Message severity="INFO" prefix="[HLS 200-1995]" key="HLS 200-1995" tag="" content="There were 78 instructions in the design after the &apos;HW Transforms (step 1)&apos; phase of compilation. See the Design Size Report for more details: /users/ae002/Documentos/Getting_Started/Vitis_HLS/reference_files/workDCT/energia_diferencia/diferencia_energia/hls/syn/report/csynth_design_size.rpt" resolution=""/>
	<Message severity="INFO" prefix="[HLS 200-1995]" key="HLS 200-1995" tag="" content="There were 83 instructions in the design after the &apos;HW Transforms (step 2)&apos; phase of compilation. See the Design Size Report for more details: /users/ae002/Documentos/Getting_Started/Vitis_HLS/reference_files/workDCT/energia_diferencia/diferencia_energia/hls/syn/report/csynth_design_size.rpt" resolution=""/>
	<Message severity="INFO" prefix="[HLS 214-291]" key="HLS 214-291" tag="" content="Loop &apos;VITIS_LOOP_18_2&apos; is marked as complete unroll implied by the pipeline pragma (/users/ae002/Descargas/ejemplo/diferencia_energia.cpp:18:19)" resolution=""/>
	<Message severity="INFO" prefix="[HLS 214-186]" key="HLS 214-186" tag="" content="Unrolling loop &apos;VITIS_LOOP_18_2&apos; (/users/ae002/Descargas/ejemplo/diferencia_energia.cpp:18:19) in function &apos;diferencia_energia&apos; completely with a factor of 4 (/users/ae002/Descargas/ejemplo/diferencia_energia.cpp:5:0)" resolution=""/>
	<Message severity="INFO" prefix="[HLS 214-248]" key="HLS 214-248" tag="" content="Applying array_partition to &apos;sigA&apos;: Cyclic partitioning with factor 4 on dimension 1. (/users/ae002/Descargas/ejemplo/diferencia_energia.cpp:5:0)" resolution=""/>
	<Message severity="INFO" prefix="[HLS 214-248]" key="HLS 214-248" tag="" content="Applying array_partition to &apos;sigB&apos;: Cyclic partitioning with factor 4 on dimension 1. (/users/ae002/Descargas/ejemplo/diferencia_energia.cpp:5:0)" resolution=""/>
	<Message severity="INFO" prefix="[HLS 200-111]" key="HLS_111_966" tag="RUNTIME" content="Finished Compiling Optimization and Transform: CPU user time: 2.93 seconds. CPU system time: 0.53 seconds. Elapsed time: 8.59 seconds; current allocated memory: 332.883 MB." resolution=""/>
	<Message severity="INFO" prefix="[HLS 200-111]" key="HLS_111_966" tag="RUNTIME" content="Finished Checking Pragmas: CPU user time: 0 seconds. CPU system time: 0 seconds. Elapsed time: 0 seconds; current allocated memory: 332.883 MB." resolution=""/>
	<Message severity="INFO" prefix="[HLS 200-10]" key="HLS_10_1467" tag="" content="Starting code transformations ..." resolution=""/>
	<Message severity="INFO" prefix="[HLS 200-111]" key="HLS_111_966" tag="RUNTIME" content="Finished Standard Transforms: CPU user time: 0.01 seconds. CPU system time: 0 seconds. Elapsed time: 0.06 seconds; current allocated memory: 332.973 MB." resolution=""/>
	<Message severity="INFO" prefix="[HLS 200-10]" key="HLS_10_1472" tag="" content="Checking synthesizability ..." resolution=""/>
	<Message severity="INFO" prefix="[HLS 200-111]" key="HLS_111_966" tag="RUNTIME" content="Finished Checking Synthesizability: CPU user time: 0.01 seconds. CPU system time: 0 seconds. Elapsed time: 0.03 seconds; current allocated memory: 332.973 MB." resolution=""/>
	<Message severity="INFO" prefix="[XFORM 203-11]" key="XFORM_EXPR_BALANCE_STATUS_178" tag="" content="Balancing expressions in function &apos;diferencia_energia&apos; (/users/ae002/Descargas/ejemplo/diferencia_energia.cpp:5:1)...3 expression(s) balanced." resolution=""/>
	<Message severity="INFO" prefix="[HLS 200-111]" key="HLS_111_966" tag="RUNTIME" content="Finished Loop, function and other optimizations: CPU user time: 0.04 seconds. CPU system time: 0.02 seconds. Elapsed time: 0.07 seconds; current allocated memory: 353.605 MB." resolution=""/>
	<Message severity="INFO" prefix="[HLS 200-111]" key="HLS_111_966" tag="RUNTIME" content="Finished Architecture Synthesis: CPU user time: 0.03 seconds. CPU system time: 0 seconds. Elapsed time: 0.05 seconds; current allocated memory: 353.605 MB." resolution=""/>
	<Message severity="INFO" prefix="[HLS 200-10]" key="HLS_10_1317" tag="" content="Starting hardware synthesis ..." resolution=""/>
	<Message severity="INFO" prefix="[HLS 200-10]" key="HLS_10_1385" tag="" content="Synthesizing &apos;diferencia_energia&apos; ..." resolution=""/>
	<Message severity="INFO" prefix="[HLS 200-10]" key="HLS_10_1477" tag="" content="----------------------------------------------------------------" resolution=""/>
	<Message severity="INFO" prefix="[HLS 200-42]" key="HLS_42_1438" tag="" content="-- Implementing module &apos;diferencia_energia&apos;" resolution=""/>
	<Message severity="INFO" prefix="[HLS 200-10]" key="HLS_10_1478" tag="" content="----------------------------------------------------------------" resolution=""/>
	<Message severity="INFO" prefix="[SCHED 204-11]" key="SCHED_SCHED_STATUS_597" tag="" content="Starting scheduling ..." resolution=""/>
	<Message severity="INFO" prefix="[HLS 200-486]" key="HLS 200-486" tag="" content="Changing DSP latency (root=add_ln20_1) to 3 in order to utilize available DSP registers." resolution=""/>
	<Message severity="INFO" prefix="[HLS 200-486]" key="HLS 200-486" tag="" content="Changing DSP latency (root=add_ln20) to 3 in order to utilize available DSP registers." resolution=""/>
	<Message severity="INFO" prefix="[SCHED 204-61]" key="SCHED_PIPELINING_STATUS_41" tag="" content="Pipelining loop &apos;VITIS_LOOP_14_1&apos;." resolution=""/>
	<Message severity="INFO" prefix="[HLS 200-1470]" key="HLS 200-1470" tag="SCHEDULE,VITIS_THROUGHPUT" content="Pipelining result : Target II = 2, Final II = 2, Depth = 7, loop &apos;VITIS_LOOP_14_1&apos;" resolution=""/>
	<Message severity="INFO" prefix="[SCHED 204-11]" key="SCHED_SCHED_STATUS_596" tag="" content="Finished scheduling." resolution=""/>
	<Message severity="INFO" prefix="[HLS 200-111]" key="HLS_111_966" tag="RUNTIME" content="Finished Scheduling: CPU user time: 0.17 seconds. CPU system time: 0.02 seconds. Elapsed time: 0.24 seconds; current allocated memory: 353.605 MB." resolution=""/>
	<Message severity="INFO" prefix="[BIND 205-100]" key="BIND_100_926" tag="" content="Starting micro-architecture generation ..." resolution=""/>
	<Message severity="INFO" prefix="[BIND 205-101]" key="BIND_101_698" tag="" content="Performing variable lifetime analysis." resolution=""/>
	<Message severity="INFO" prefix="[BIND 205-101]" key="BIND_101_697" tag="" content="Exploring resource sharing." resolution=""/>
	<Message severity="INFO" prefix="[BIND 205-101]" key="BIND_101_693" tag="" content="Binding ..." resolution=""/>
	<Message severity="INFO" prefix="[BIND 205-100]" key="BIND_100_925" tag="" content="Finished micro-architecture generation." resolution=""/>
	<Message severity="INFO" prefix="[HLS 200-111]" key="HLS_111_966" tag="RUNTIME" content="Finished Binding: CPU user time: 0.02 seconds. CPU system time: 0 seconds. Elapsed time: 0.06 seconds; current allocated memory: 353.605 MB." resolution=""/>
	<Message severity="INFO" prefix="[HLS 200-10]" key="HLS_10_1483" tag="" content="----------------------------------------------------------------" resolution=""/>
	<Message severity="INFO" prefix="[HLS 200-10]" key="HLS_10_1484" tag="" content="-- Generating RTL for module &apos;diferencia_energia&apos;" resolution=""/>
	<Message severity="INFO" prefix="[HLS 200-10]" key="HLS_10_1485" tag="" content="----------------------------------------------------------------" resolution=""/>
	<Message severity="WARNING" prefix="[RTGEN 206-101]" key="RTGEN_101_918" tag="" content="Design contains AXI ports. Reset is fixed to synchronous and active low." resolution=""/>
	<Message severity="INFO" prefix="[RTGEN 206-500]" key="PREPROC_IO_COMP_CONFLICT_1950" tag="" content="Setting interface mode on port &apos;diferencia_energia/sigA_0&apos; to &apos;s_axilite &amp; ap_memory&apos;." resolution=""/>
	<Message severity="INFO" prefix="[RTGEN 206-500]" key="PREPROC_IO_COMP_CONFLICT_1950" tag="" content="Setting interface mode on port &apos;diferencia_energia/sigA_1&apos; to &apos;s_axilite &amp; ap_memory&apos;." resolution=""/>
	<Message severity="INFO" prefix="[RTGEN 206-500]" key="PREPROC_IO_COMP_CONFLICT_1950" tag="" content="Setting interface mode on port &apos;diferencia_energia/sigA_2&apos; to &apos;s_axilite &amp; ap_memory&apos;." resolution=""/>
	<Message severity="INFO" prefix="[RTGEN 206-500]" key="PREPROC_IO_COMP_CONFLICT_1950" tag="" content="Setting interface mode on port &apos;diferencia_energia/sigA_3&apos; to &apos;s_axilite &amp; ap_memory&apos;." resolution=""/>
	<Message severity="INFO" prefix="[RTGEN 206-500]" key="PREPROC_IO_COMP_CONFLICT_1950" tag="" content="Setting interface mode on port &apos;diferencia_energia/sigB_0&apos; to &apos;s_axilite &amp; ap_memory&apos;." resolution=""/>
	<Message severity="INFO" prefix="[RTGEN 206-500]" key="PREPROC_IO_COMP_CONFLICT_1950" tag="" content="Setting interface mode on port &apos;diferencia_energia/sigB_1&apos; to &apos;s_axilite &amp; ap_memory&apos;." resolution=""/>
	<Message severity="INFO" prefix="[RTGEN 206-500]" key="PREPROC_IO_COMP_CONFLICT_1950" tag="" content="Setting interface mode on port &apos;diferencia_energia/sigB_2&apos; to &apos;s_axilite &amp; ap_memory&apos;." resolution=""/>
	<Message severity="INFO" prefix="[RTGEN 206-500]" key="PREPROC_IO_COMP_CONFLICT_1950" tag="" content="Setting interface mode on port &apos;diferencia_energia/sigB_3&apos; to &apos;s_axilite &amp; ap_memory&apos;." resolution=""/>
	<Message severity="INFO" prefix="[RTGEN 206-500]" key="PREPROC_IO_COMP_CONFLICT_1950" tag="" content="Setting interface mode on port &apos;diferencia_energia/energia&apos; to &apos;s_axilite &amp; ap_memory&apos;." resolution=""/>
	<Message severity="INFO" prefix="[RTGEN 206-500]" key="PREPROC_IO_COMP_CONFLICT_1950" tag="" content="Setting interface mode on function &apos;diferencia_energia&apos; to &apos;s_axilite &amp; ap_ctrl_chain&apos;." resolution=""/>
	<Message severity="INFO" prefix="[HLS 200-1030]" key="HLS 200-1030" tag="" content="Apply Unified Pipeline Control on module &apos;diferencia_energia&apos; pipeline &apos;VITIS_LOOP_14_1&apos; pipeline type &apos;loop pipeline&apos;" resolution=""/>
	<Message severity="INFO" prefix="[RTGEN 206-100]" key="RTGEN_100_851" tag="" content="Bundling port &apos;sigA_0&apos;, &apos;sigA_1&apos;, &apos;sigA_2&apos;, &apos;sigA_3&apos;, &apos;sigB_0&apos;, &apos;sigB_1&apos;, &apos;sigB_2&apos;, &apos;sigB_3&apos;, &apos;energia&apos; to AXI-Lite port control." resolution=""/>
	<Message severity="INFO" prefix="[RTGEN 206-100]" key="RTGEN_100_855" tag="" content="Generating core module &apos;mac_muladd_16s_16s_32s_32_4_1&apos;: 2 instance(s)." resolution=""/>
	<Message severity="INFO" prefix="[RTGEN 206-100]" key="RTGEN_100_855" tag="" content="Generating core module &apos;mul_16s_16s_32_1_1&apos;: 2 instance(s)." resolution=""/>
	<Message severity="INFO" prefix="[RTGEN 206-100]" key="RTGEN_100_856" tag="" content="Finished creating RTL model for &apos;diferencia_energia&apos;." resolution=""/>
	<Message severity="INFO" prefix="[HLS 200-111]" key="HLS_111_966" tag="RUNTIME" content="Finished Creating RTL model: CPU user time: 0.06 seconds. CPU system time: 0.01 seconds. Elapsed time: 0.18 seconds; current allocated memory: 353.605 MB." resolution=""/>
	<Message severity="INFO" prefix="[HLS 200-111]" key="HLS_111_966" tag="RUNTIME" content="Finished Generating all RTL models: CPU user time: 0.36 seconds. CPU system time: 0.02 seconds. Elapsed time: 0.78 seconds; current allocated memory: 353.605 MB." resolution=""/>
	<Message severity="INFO" prefix="[HLS 200-111]" key="HLS_111_966" tag="RUNTIME" content="Finished Updating report files: CPU user time: 0.36 seconds. CPU system time: 0.03 seconds. Elapsed time: 0.59 seconds; current allocated memory: 353.605 MB." resolution=""/>
	<Message severity="INFO" prefix="[VHDL 208-304]" key="VHDL_304_1066" tag="" content="Generating VHDL RTL for diferencia_energia." resolution=""/>
	<Message severity="INFO" prefix="[VLOG 209-307]" key="VLOG_307_1067" tag="" content="Generating Verilog RTL for diferencia_energia." resolution=""/>
	<Message severity="INFO" prefix="[HLS 200-790]" key="HLS 200-790" tag="LOOP,VITIS_KERNEL" content="**** Loop Constraint Status: All loop constraints were satisfied." resolution=""/>
	<Message severity="INFO" prefix="[HLS 200-789]" key="HLS 200-789" tag="THROUGHPUT,VITIS_KERNEL" content="**** Estimated Fmax: 386.85 MHz" resolution=""/>
</Messages>
