<?xml version="1.0" encoding="utf-8"?>
<BindInfo>
	<BindNode BINDTYPE="op" DISPLAY="bind_op sub" ID="" IMPL="fabric" LATENCY="0" OPTYPE="sub" PRAGMA="" RTLNAME="diff_fu_264_p2" SOURCE="/users/ae002/Descargas/ejemplo/diferencia_energia.cpp:19" VARIABLE="diff" MODULE="diferencia_energia" LOOP="VITIS_LOOP_14_1" BUNDLEDNAME="" DSP="0" BRAM="0" URAM="0" USAGE="" STORAGESUBTYPE="" STORAGESIZE=""/>
	<BindNode BINDTYPE="op" DISPLAY="bind_op sub" ID="" IMPL="fabric" LATENCY="0" OPTYPE="sub" PRAGMA="" RTLNAME="diff_1_fu_274_p2" SOURCE="/users/ae002/Descargas/ejemplo/diferencia_energia.cpp:19" VARIABLE="diff_1" MODULE="diferencia_energia" LOOP="VITIS_LOOP_14_1" BUNDLEDNAME="" DSP="0" BRAM="0" URAM="0" USAGE="" STORAGESUBTYPE="" STORAGESIZE=""/>
	<BindNode BINDTYPE="op" DISPLAY="bind_op sub" ID="" IMPL="fabric" LATENCY="0" OPTYPE="sub" PRAGMA="" RTLNAME="diff_2_fu_280_p2" SOURCE="/users/ae002/Descargas/ejemplo/diferencia_energia.cpp:19" VARIABLE="diff_2" MODULE="diferencia_energia" LOOP="VITIS_LOOP_14_1" BUNDLEDNAME="" DSP="0" BRAM="0" URAM="0" USAGE="" STORAGESUBTYPE="" STORAGESIZE=""/>
	<BindNode BINDTYPE="op" DISPLAY="bind_op sub" ID="" IMPL="fabric" LATENCY="0" OPTYPE="sub" PRAGMA="" RTLNAME="diff_3_fu_286_p2" SOURCE="/users/ae002/Descargas/ejemplo/diferencia_energia.cpp:19" VARIABLE="diff_3" MODULE="diferencia_energia" LOOP="VITIS_LOOP_14_1" BUNDLEDNAME="" DSP="0" BRAM="0" URAM="0" USAGE="" STORAGESUBTYPE="" STORAGESIZE=""/>
	<BindNode BINDTYPE="op" DISPLAY="bind_op mul" ID="" IMPL="dsp_slice" LATENCY="3" OPTYPE="mul" PRAGMA="" RTLNAME="mac_muladd_16s_16s_32s_32_4_1_U4" SOURCE="/users/ae002/Descargas/ejemplo/diferencia_energia.cpp:20" VARIABLE="mul_ln20" MODULE="diferencia_energia" LOOP="VITIS_LOOP_14_1" BUNDLEDNAME="" DSP="1" BRAM="0" URAM="0" USAGE="" STORAGESUBTYPE="" STORAGESIZE=""/>
	<BindNode BINDTYPE="op" DISPLAY="bind_op mul" ID="" IMPL="auto" LATENCY="0" OPTYPE="mul" PRAGMA="" RTLNAME="mul_16s_16s_32_1_1_U1" SOURCE="/users/ae002/Descargas/ejemplo/diferencia_energia.cpp:20" VARIABLE="mul_ln20_1" MODULE="diferencia_energia" LOOP="VITIS_LOOP_14_1" BUNDLEDNAME="" DSP="1" BRAM="0" URAM="0" USAGE="" STORAGESUBTYPE="" STORAGESIZE=""/>
	<BindNode BINDTYPE="op" DISPLAY="bind_op mul" ID="" IMPL="auto" LATENCY="0" OPTYPE="mul" PRAGMA="" RTLNAME="mul_16s_16s_32_1_1_U2" SOURCE="/users/ae002/Descargas/ejemplo/diferencia_energia.cpp:20" VARIABLE="mul_ln20_2" MODULE="diferencia_energia" LOOP="VITIS_LOOP_14_1" BUNDLEDNAME="" DSP="1" BRAM="0" URAM="0" USAGE="" STORAGESUBTYPE="" STORAGESIZE=""/>
	<BindNode BINDTYPE="op" DISPLAY="bind_op mul" ID="" IMPL="dsp_slice" LATENCY="3" OPTYPE="mul" PRAGMA="" RTLNAME="mac_muladd_16s_16s_32s_32_4_1_U3" SOURCE="/users/ae002/Descargas/ejemplo/diferencia_energia.cpp:20" VARIABLE="mul_ln20_3" MODULE="diferencia_energia" LOOP="VITIS_LOOP_14_1" BUNDLEDNAME="" DSP="1" BRAM="0" URAM="0" USAGE="" STORAGESUBTYPE="" STORAGESIZE=""/>
	<BindNode BINDTYPE="op" DISPLAY="bind_op add" ID="" IMPL="dsp_slice" LATENCY="3" OPTYPE="add" PRAGMA="" RTLNAME="mac_muladd_16s_16s_32s_32_4_1_U3" SOURCE="/users/ae002/Descargas/ejemplo/diferencia_energia.cpp:20" VARIABLE="add_ln20" MODULE="diferencia_energia" LOOP="VITIS_LOOP_14_1" BUNDLEDNAME="" DSP="1" BRAM="0" URAM="0" USAGE="" STORAGESUBTYPE="" STORAGESIZE=""/>
	<BindNode BINDTYPE="op" DISPLAY="bind_op add" ID="" IMPL="dsp_slice" LATENCY="3" OPTYPE="add" PRAGMA="" RTLNAME="mac_muladd_16s_16s_32s_32_4_1_U4" SOURCE="/users/ae002/Descargas/ejemplo/diferencia_energia.cpp:20" VARIABLE="add_ln20_1" MODULE="diferencia_energia" LOOP="VITIS_LOOP_14_1" BUNDLEDNAME="" DSP="1" BRAM="0" URAM="0" USAGE="" STORAGESUBTYPE="" STORAGESIZE=""/>
	<BindNode BINDTYPE="op" DISPLAY="bind_op add" ID="" IMPL="fabric" LATENCY="0" OPTYPE="add" PRAGMA="" RTLNAME="sum_fu_313_p2" SOURCE="/users/ae002/Descargas/ejemplo/diferencia_energia.cpp:20" VARIABLE="sum" MODULE="diferencia_energia" LOOP="VITIS_LOOP_14_1" BUNDLEDNAME="" DSP="0" BRAM="0" URAM="0" USAGE="" STORAGESUBTYPE="" STORAGESIZE=""/>
	<BindNode BINDTYPE="op" DISPLAY="bind_op add" ID="" IMPL="fabric" LATENCY="0" OPTYPE="add" PRAGMA="" RTLNAME="i_fu_245_p2" SOURCE="/users/ae002/Descargas/ejemplo/diferencia_energia.cpp:14" VARIABLE="i" MODULE="diferencia_energia" LOOP="VITIS_LOOP_14_1" BUNDLEDNAME="" DSP="0" BRAM="0" URAM="0" USAGE="" STORAGESUBTYPE="" STORAGESIZE=""/>
	<BindNode BINDTYPE="adapter" DISPLAY="bind_adapter axilite" ID="" IMPL="" LATENCY="" OPTYPE="" PRAGMA="" RTLNAME="control_s_axi_U" SOURCE="" VARIABLE="" MODULE="diferencia_energia" LOOP="" BUNDLEDNAME="control" DSP="0" BRAM="0" URAM="0" USAGE="interface" STORAGESUBTYPE="s_axilite" STORAGESIZE=""/>
	<BindNode BINDTYPE="interface" DISPLAY="bind_storage bram" ID="" IMPL="" LATENCY="" OPTYPE="" PRAGMA="yes" RTLNAME="" SOURCE="" VARIABLE="sigA_0" MODULE="diferencia_energia" LOOP="" BUNDLEDNAME="" DSP="0" BRAM="0" URAM="0" USAGE="interface" STORAGESUBTYPE="bram" STORAGESIZE="16 0 1"/>
	<BindNode BINDTYPE="interface" DISPLAY="bind_storage bram" ID="" IMPL="" LATENCY="" OPTYPE="" PRAGMA="yes" RTLNAME="" SOURCE="" VARIABLE="sigA_1" MODULE="diferencia_energia" LOOP="" BUNDLEDNAME="" DSP="0" BRAM="0" URAM="0" USAGE="interface" STORAGESUBTYPE="bram" STORAGESIZE="16 0 1"/>
	<BindNode BINDTYPE="interface" DISPLAY="bind_storage bram" ID="" IMPL="" LATENCY="" OPTYPE="" PRAGMA="yes" RTLNAME="" SOURCE="" VARIABLE="sigA_2" MODULE="diferencia_energia" LOOP="" BUNDLEDNAME="" DSP="0" BRAM="0" URAM="0" USAGE="interface" STORAGESUBTYPE="bram" STORAGESIZE="16 0 1"/>
	<BindNode BINDTYPE="interface" DISPLAY="bind_storage bram" ID="" IMPL="" LATENCY="" OPTYPE="" PRAGMA="yes" RTLNAME="" SOURCE="" VARIABLE="sigA_3" MODULE="diferencia_energia" LOOP="" BUNDLEDNAME="" DSP="0" BRAM="0" URAM="0" USAGE="interface" STORAGESUBTYPE="bram" STORAGESIZE="16 0 1"/>
	<BindNode BINDTYPE="interface" DISPLAY="bind_storage bram" ID="" IMPL="" LATENCY="" OPTYPE="" PRAGMA="yes" RTLNAME="" SOURCE="" VARIABLE="sigB_0" MODULE="diferencia_energia" LOOP="" BUNDLEDNAME="" DSP="0" BRAM="0" URAM="0" USAGE="interface" STORAGESUBTYPE="bram" STORAGESIZE="16 0 1"/>
	<BindNode BINDTYPE="interface" DISPLAY="bind_storage bram" ID="" IMPL="" LATENCY="" OPTYPE="" PRAGMA="yes" RTLNAME="" SOURCE="" VARIABLE="sigB_1" MODULE="diferencia_energia" LOOP="" BUNDLEDNAME="" DSP="0" BRAM="0" URAM="0" USAGE="interface" STORAGESUBTYPE="bram" STORAGESIZE="16 0 1"/>
	<BindNode BINDTYPE="interface" DISPLAY="bind_storage bram" ID="" IMPL="" LATENCY="" OPTYPE="" PRAGMA="yes" RTLNAME="" SOURCE="" VARIABLE="sigB_2" MODULE="diferencia_energia" LOOP="" BUNDLEDNAME="" DSP="0" BRAM="0" URAM="0" USAGE="interface" STORAGESUBTYPE="bram" STORAGESIZE="16 0 1"/>
	<BindNode BINDTYPE="interface" DISPLAY="bind_storage bram" ID="" IMPL="" LATENCY="" OPTYPE="" PRAGMA="yes" RTLNAME="" SOURCE="" VARIABLE="sigB_3" MODULE="diferencia_energia" LOOP="" BUNDLEDNAME="" DSP="0" BRAM="0" URAM="0" USAGE="interface" STORAGESUBTYPE="bram" STORAGESIZE="16 0 1"/>
	<BindNode BINDTYPE="interface" DISPLAY="bind_storage bram" ID="" IMPL="" LATENCY="" OPTYPE="" PRAGMA="yes" RTLNAME="" SOURCE="" VARIABLE="energia" MODULE="diferencia_energia" LOOP="" BUNDLEDNAME="" DSP="0" BRAM="0" URAM="0" USAGE="interface" STORAGESUBTYPE="bram" STORAGESIZE="32 0 1"/>
</BindInfo>
