<stg><name>diferencia_energia</name>


<trans_list>

<trans id="121" from="1" to="2">
<condition id="-1">
<or_exp><and_exp></and_exp></or_exp>
</condition>
</trans>

<trans id="122" from="2" to="3">
<condition id="-1">
<or_exp><and_exp></and_exp></or_exp>
</condition>
</trans>

<trans id="123" from="3" to="4">
<condition id="-1">
<or_exp><and_exp></and_exp></or_exp>
</condition>
</trans>

<trans id="124" from="4" to="5">
<condition id="-1">
<or_exp><and_exp></and_exp></or_exp>
</condition>
</trans>

<trans id="125" from="5" to="6">
<condition id="-1">
<or_exp><and_exp></and_exp></or_exp>
</condition>
</trans>

<trans id="126" from="6" to="7">
<condition id="-1">
<or_exp><and_exp></and_exp></or_exp>
</condition>
</trans>
</trans_list>



<state_list>

<state id="1" st_id="2">

<operation id="10" st_id="1" stage="1" lat="1">
<core>NULL</core>
<MemPortIdVec></MemPortIdVec>
<condition id="-1">
<or_exp><and_exp></and_exp></or_exp>
</condition>

<Node id="10" bw="10" op_0_bw="32">
<![CDATA[
entry:0 %i1 = alloca i32 1

]]></Node>
<StgValue><ssdm name="i1"/></StgValue>
</operation>

<operation id="11" st_id="1" stage="1" lat="1">
<core>NULL</core>
<MemPortIdVec></MemPortIdVec>
<condition id="-1">
<or_exp><and_exp></and_exp></or_exp>
</condition>

<Node id="11" bw="0" op_0_bw="0" op_1_bw="0">
<![CDATA[
entry:1 %spectopmodule_ln5 = spectopmodule void @_ssdm_op_SpecTopModule, void @empty_10

]]></Node>
<StgValue><ssdm name="spectopmodule_ln5"/></StgValue>
</operation>

<operation id="12" st_id="1" stage="1" lat="1">
<core>NULL</core>
<MemPortIdVec></MemPortIdVec>
<condition id="-1">
<or_exp><and_exp></and_exp></or_exp>
</condition>

<Node id="12" bw="0" op_0_bw="0" op_1_bw="32" op_2_bw="0" op_3_bw="32" op_4_bw="32" op_5_bw="0" op_6_bw="32" op_7_bw="32" op_8_bw="0" op_9_bw="0" op_10_bw="0" op_11_bw="32" op_12_bw="32" op_13_bw="32" op_14_bw="32" op_15_bw="0" op_16_bw="0" op_17_bw="32" op_18_bw="32" op_19_bw="32">
<![CDATA[
entry:2 %specinterface_ln5 = specinterface void @_ssdm_op_SpecInterface, i32 0, void @empty_11, i32 0, i32 0, void @empty_13, i32 0, i32 0, void @empty_13, void @empty_13, void @empty_13, i32 0, i32 0, i32 0, i32 0, void @empty_13, void @empty_13, i32 4294967295, i32 0, i32 0

]]></Node>
<StgValue><ssdm name="specinterface_ln5"/></StgValue>
</operation>

<operation id="13" st_id="1" stage="1" lat="1">
<core>NULL</core>
<MemPortIdVec></MemPortIdVec>
<condition id="-1">
<or_exp><and_exp></and_exp></or_exp>
</condition>

<Node id="13" bw="0" op_0_bw="0" op_1_bw="16" op_2_bw="0" op_3_bw="32" op_4_bw="32" op_5_bw="0" op_6_bw="32" op_7_bw="32" op_8_bw="0" op_9_bw="0" op_10_bw="0" op_11_bw="32" op_12_bw="32" op_13_bw="32" op_14_bw="32" op_15_bw="0" op_16_bw="0" op_17_bw="32" op_18_bw="32" op_19_bw="32">
<![CDATA[
entry:3 %specinterface_ln0 = specinterface void @_ssdm_op_SpecInterface, i16 %sigA_0, void @empty, i32 0, i32 0, void @empty_13, i32 0, i32 0, void @empty_0, void @empty_1, void @empty_13, i32 0, i32 0, i32 0, i32 0, void @empty_13, void @empty_13, i32 4294967295, i32 0, i32 0

]]></Node>
<StgValue><ssdm name="specinterface_ln0"/></StgValue>
</operation>

<operation id="14" st_id="1" stage="1" lat="1">
<core>NULL</core>
<MemPortIdVec></MemPortIdVec>
<condition id="-1">
<or_exp><and_exp></and_exp></or_exp>
</condition>

<Node id="14" bw="0" op_0_bw="0" op_1_bw="16" op_2_bw="0" op_3_bw="32" op_4_bw="32" op_5_bw="0" op_6_bw="32" op_7_bw="32" op_8_bw="0" op_9_bw="0" op_10_bw="0" op_11_bw="32" op_12_bw="32" op_13_bw="32" op_14_bw="32" op_15_bw="0" op_16_bw="0" op_17_bw="32" op_18_bw="32" op_19_bw="32">
<![CDATA[
entry:4 %specinterface_ln0 = specinterface void @_ssdm_op_SpecInterface, i16 %sigA_0, void @empty_2, i32 0, i32 0, void @empty_13, i32 1, i32 0, void @empty_13, void @empty_13, void @empty_13, i32 0, i32 0, i32 0, i32 0, void @empty_13, void @empty_13, i32 4294967295, i32 0, i32 0

]]></Node>
<StgValue><ssdm name="specinterface_ln0"/></StgValue>
</operation>

<operation id="15" st_id="1" stage="1" lat="1">
<core>NULL</core>
<MemPortIdVec></MemPortIdVec>
<condition id="-1">
<or_exp><and_exp></and_exp></or_exp>
</condition>

<Node id="15" bw="0" op_0_bw="0" op_1_bw="16" op_2_bw="64" op_3_bw="64" op_4_bw="64">
<![CDATA[
entry:5 %specmemcore_ln0 = specmemcore void @_ssdm_op_SpecMemCore, i16 %sigA_0, i64 666, i64 207, i64 1

]]></Node>
<StgValue><ssdm name="specmemcore_ln0"/></StgValue>
</operation>

<operation id="16" st_id="1" stage="1" lat="1">
<core>NULL</core>
<MemPortIdVec></MemPortIdVec>
<condition id="-1">
<or_exp><and_exp></and_exp></or_exp>
</condition>

<Node id="16" bw="0" op_0_bw="0" op_1_bw="16">
<![CDATA[
entry:6 %specbitsmap_ln0 = specbitsmap void @_ssdm_op_SpecBitsMap, i16 %sigA_0

]]></Node>
<StgValue><ssdm name="specbitsmap_ln0"/></StgValue>
</operation>

<operation id="17" st_id="1" stage="1" lat="1">
<core>NULL</core>
<MemPortIdVec></MemPortIdVec>
<condition id="-1">
<or_exp><and_exp></and_exp></or_exp>
</condition>

<Node id="17" bw="0" op_0_bw="0" op_1_bw="16" op_2_bw="0" op_3_bw="32" op_4_bw="32" op_5_bw="0" op_6_bw="32" op_7_bw="32" op_8_bw="0" op_9_bw="0" op_10_bw="0" op_11_bw="32" op_12_bw="32" op_13_bw="32" op_14_bw="32" op_15_bw="0" op_16_bw="0" op_17_bw="32" op_18_bw="32" op_19_bw="32">
<![CDATA[
entry:7 %specinterface_ln0 = specinterface void @_ssdm_op_SpecInterface, i16 %sigA_1, void @empty, i32 0, i32 0, void @empty_13, i32 0, i32 0, void @empty_0, void @empty_3, void @empty_13, i32 0, i32 0, i32 0, i32 0, void @empty_13, void @empty_13, i32 4294967295, i32 0, i32 0

]]></Node>
<StgValue><ssdm name="specinterface_ln0"/></StgValue>
</operation>

<operation id="18" st_id="1" stage="1" lat="1">
<core>NULL</core>
<MemPortIdVec></MemPortIdVec>
<condition id="-1">
<or_exp><and_exp></and_exp></or_exp>
</condition>

<Node id="18" bw="0" op_0_bw="0" op_1_bw="16" op_2_bw="0" op_3_bw="32" op_4_bw="32" op_5_bw="0" op_6_bw="32" op_7_bw="32" op_8_bw="0" op_9_bw="0" op_10_bw="0" op_11_bw="32" op_12_bw="32" op_13_bw="32" op_14_bw="32" op_15_bw="0" op_16_bw="0" op_17_bw="32" op_18_bw="32" op_19_bw="32">
<![CDATA[
entry:8 %specinterface_ln0 = specinterface void @_ssdm_op_SpecInterface, i16 %sigA_1, void @empty_2, i32 0, i32 0, void @empty_13, i32 1, i32 0, void @empty_13, void @empty_13, void @empty_13, i32 0, i32 0, i32 0, i32 0, void @empty_13, void @empty_13, i32 4294967295, i32 0, i32 0

]]></Node>
<StgValue><ssdm name="specinterface_ln0"/></StgValue>
</operation>

<operation id="19" st_id="1" stage="1" lat="1">
<core>NULL</core>
<MemPortIdVec></MemPortIdVec>
<condition id="-1">
<or_exp><and_exp></and_exp></or_exp>
</condition>

<Node id="19" bw="0" op_0_bw="0" op_1_bw="16" op_2_bw="64" op_3_bw="64" op_4_bw="64">
<![CDATA[
entry:9 %specmemcore_ln0 = specmemcore void @_ssdm_op_SpecMemCore, i16 %sigA_1, i64 666, i64 207, i64 1

]]></Node>
<StgValue><ssdm name="specmemcore_ln0"/></StgValue>
</operation>

<operation id="20" st_id="1" stage="1" lat="1">
<core>NULL</core>
<MemPortIdVec></MemPortIdVec>
<condition id="-1">
<or_exp><and_exp></and_exp></or_exp>
</condition>

<Node id="20" bw="0" op_0_bw="0" op_1_bw="16">
<![CDATA[
entry:10 %specbitsmap_ln0 = specbitsmap void @_ssdm_op_SpecBitsMap, i16 %sigA_1

]]></Node>
<StgValue><ssdm name="specbitsmap_ln0"/></StgValue>
</operation>

<operation id="21" st_id="1" stage="1" lat="1">
<core>NULL</core>
<MemPortIdVec></MemPortIdVec>
<condition id="-1">
<or_exp><and_exp></and_exp></or_exp>
</condition>

<Node id="21" bw="0" op_0_bw="0" op_1_bw="16" op_2_bw="0" op_3_bw="32" op_4_bw="32" op_5_bw="0" op_6_bw="32" op_7_bw="32" op_8_bw="0" op_9_bw="0" op_10_bw="0" op_11_bw="32" op_12_bw="32" op_13_bw="32" op_14_bw="32" op_15_bw="0" op_16_bw="0" op_17_bw="32" op_18_bw="32" op_19_bw="32">
<![CDATA[
entry:11 %specinterface_ln0 = specinterface void @_ssdm_op_SpecInterface, i16 %sigA_2, void @empty, i32 0, i32 0, void @empty_13, i32 0, i32 0, void @empty_0, void @empty_4, void @empty_13, i32 0, i32 0, i32 0, i32 0, void @empty_13, void @empty_13, i32 4294967295, i32 0, i32 0

]]></Node>
<StgValue><ssdm name="specinterface_ln0"/></StgValue>
</operation>

<operation id="22" st_id="1" stage="1" lat="1">
<core>NULL</core>
<MemPortIdVec></MemPortIdVec>
<condition id="-1">
<or_exp><and_exp></and_exp></or_exp>
</condition>

<Node id="22" bw="0" op_0_bw="0" op_1_bw="16" op_2_bw="0" op_3_bw="32" op_4_bw="32" op_5_bw="0" op_6_bw="32" op_7_bw="32" op_8_bw="0" op_9_bw="0" op_10_bw="0" op_11_bw="32" op_12_bw="32" op_13_bw="32" op_14_bw="32" op_15_bw="0" op_16_bw="0" op_17_bw="32" op_18_bw="32" op_19_bw="32">
<![CDATA[
entry:12 %specinterface_ln0 = specinterface void @_ssdm_op_SpecInterface, i16 %sigA_2, void @empty_2, i32 0, i32 0, void @empty_13, i32 1, i32 0, void @empty_13, void @empty_13, void @empty_13, i32 0, i32 0, i32 0, i32 0, void @empty_13, void @empty_13, i32 4294967295, i32 0, i32 0

]]></Node>
<StgValue><ssdm name="specinterface_ln0"/></StgValue>
</operation>

<operation id="23" st_id="1" stage="1" lat="1">
<core>NULL</core>
<MemPortIdVec></MemPortIdVec>
<condition id="-1">
<or_exp><and_exp></and_exp></or_exp>
</condition>

<Node id="23" bw="0" op_0_bw="0" op_1_bw="16" op_2_bw="64" op_3_bw="64" op_4_bw="64">
<![CDATA[
entry:13 %specmemcore_ln0 = specmemcore void @_ssdm_op_SpecMemCore, i16 %sigA_2, i64 666, i64 207, i64 1

]]></Node>
<StgValue><ssdm name="specmemcore_ln0"/></StgValue>
</operation>

<operation id="24" st_id="1" stage="1" lat="1">
<core>NULL</core>
<MemPortIdVec></MemPortIdVec>
<condition id="-1">
<or_exp><and_exp></and_exp></or_exp>
</condition>

<Node id="24" bw="0" op_0_bw="0" op_1_bw="16">
<![CDATA[
entry:14 %specbitsmap_ln0 = specbitsmap void @_ssdm_op_SpecBitsMap, i16 %sigA_2

]]></Node>
<StgValue><ssdm name="specbitsmap_ln0"/></StgValue>
</operation>

<operation id="25" st_id="1" stage="1" lat="1">
<core>NULL</core>
<MemPortIdVec></MemPortIdVec>
<condition id="-1">
<or_exp><and_exp></and_exp></or_exp>
</condition>

<Node id="25" bw="0" op_0_bw="0" op_1_bw="16" op_2_bw="0" op_3_bw="32" op_4_bw="32" op_5_bw="0" op_6_bw="32" op_7_bw="32" op_8_bw="0" op_9_bw="0" op_10_bw="0" op_11_bw="32" op_12_bw="32" op_13_bw="32" op_14_bw="32" op_15_bw="0" op_16_bw="0" op_17_bw="32" op_18_bw="32" op_19_bw="32">
<![CDATA[
entry:15 %specinterface_ln0 = specinterface void @_ssdm_op_SpecInterface, i16 %sigA_3, void @empty, i32 0, i32 0, void @empty_13, i32 0, i32 0, void @empty_0, void @empty_5, void @empty_13, i32 0, i32 0, i32 0, i32 0, void @empty_13, void @empty_13, i32 4294967295, i32 0, i32 0

]]></Node>
<StgValue><ssdm name="specinterface_ln0"/></StgValue>
</operation>

<operation id="26" st_id="1" stage="1" lat="1">
<core>NULL</core>
<MemPortIdVec></MemPortIdVec>
<condition id="-1">
<or_exp><and_exp></and_exp></or_exp>
</condition>

<Node id="26" bw="0" op_0_bw="0" op_1_bw="16" op_2_bw="0" op_3_bw="32" op_4_bw="32" op_5_bw="0" op_6_bw="32" op_7_bw="32" op_8_bw="0" op_9_bw="0" op_10_bw="0" op_11_bw="32" op_12_bw="32" op_13_bw="32" op_14_bw="32" op_15_bw="0" op_16_bw="0" op_17_bw="32" op_18_bw="32" op_19_bw="32">
<![CDATA[
entry:16 %specinterface_ln0 = specinterface void @_ssdm_op_SpecInterface, i16 %sigA_3, void @empty_2, i32 0, i32 0, void @empty_13, i32 1, i32 0, void @empty_13, void @empty_13, void @empty_13, i32 0, i32 0, i32 0, i32 0, void @empty_13, void @empty_13, i32 4294967295, i32 0, i32 0

]]></Node>
<StgValue><ssdm name="specinterface_ln0"/></StgValue>
</operation>

<operation id="27" st_id="1" stage="1" lat="1">
<core>NULL</core>
<MemPortIdVec></MemPortIdVec>
<condition id="-1">
<or_exp><and_exp></and_exp></or_exp>
</condition>

<Node id="27" bw="0" op_0_bw="0" op_1_bw="16" op_2_bw="64" op_3_bw="64" op_4_bw="64">
<![CDATA[
entry:17 %specmemcore_ln0 = specmemcore void @_ssdm_op_SpecMemCore, i16 %sigA_3, i64 666, i64 207, i64 1

]]></Node>
<StgValue><ssdm name="specmemcore_ln0"/></StgValue>
</operation>

<operation id="28" st_id="1" stage="1" lat="1">
<core>NULL</core>
<MemPortIdVec></MemPortIdVec>
<condition id="-1">
<or_exp><and_exp></and_exp></or_exp>
</condition>

<Node id="28" bw="0" op_0_bw="0" op_1_bw="16">
<![CDATA[
entry:18 %specbitsmap_ln0 = specbitsmap void @_ssdm_op_SpecBitsMap, i16 %sigA_3

]]></Node>
<StgValue><ssdm name="specbitsmap_ln0"/></StgValue>
</operation>

<operation id="29" st_id="1" stage="1" lat="1">
<core>NULL</core>
<MemPortIdVec></MemPortIdVec>
<condition id="-1">
<or_exp><and_exp></and_exp></or_exp>
</condition>

<Node id="29" bw="0" op_0_bw="0" op_1_bw="16" op_2_bw="0" op_3_bw="32" op_4_bw="32" op_5_bw="0" op_6_bw="32" op_7_bw="32" op_8_bw="0" op_9_bw="0" op_10_bw="0" op_11_bw="32" op_12_bw="32" op_13_bw="32" op_14_bw="32" op_15_bw="0" op_16_bw="0" op_17_bw="32" op_18_bw="32" op_19_bw="32">
<![CDATA[
entry:19 %specinterface_ln0 = specinterface void @_ssdm_op_SpecInterface, i16 %sigB_0, void @empty, i32 0, i32 0, void @empty_13, i32 0, i32 0, void @empty_0, void @empty_14, void @empty_13, i32 0, i32 0, i32 0, i32 0, void @empty_13, void @empty_13, i32 4294967295, i32 0, i32 0

]]></Node>
<StgValue><ssdm name="specinterface_ln0"/></StgValue>
</operation>

<operation id="30" st_id="1" stage="1" lat="1">
<core>NULL</core>
<MemPortIdVec></MemPortIdVec>
<condition id="-1">
<or_exp><and_exp></and_exp></or_exp>
</condition>

<Node id="30" bw="0" op_0_bw="0" op_1_bw="16" op_2_bw="0" op_3_bw="32" op_4_bw="32" op_5_bw="0" op_6_bw="32" op_7_bw="32" op_8_bw="0" op_9_bw="0" op_10_bw="0" op_11_bw="32" op_12_bw="32" op_13_bw="32" op_14_bw="32" op_15_bw="0" op_16_bw="0" op_17_bw="32" op_18_bw="32" op_19_bw="32">
<![CDATA[
entry:20 %specinterface_ln0 = specinterface void @_ssdm_op_SpecInterface, i16 %sigB_0, void @empty_2, i32 0, i32 0, void @empty_13, i32 1, i32 0, void @empty_13, void @empty_13, void @empty_13, i32 0, i32 0, i32 0, i32 0, void @empty_13, void @empty_13, i32 4294967295, i32 0, i32 0

]]></Node>
<StgValue><ssdm name="specinterface_ln0"/></StgValue>
</operation>

<operation id="31" st_id="1" stage="1" lat="1">
<core>NULL</core>
<MemPortIdVec></MemPortIdVec>
<condition id="-1">
<or_exp><and_exp></and_exp></or_exp>
</condition>

<Node id="31" bw="0" op_0_bw="0" op_1_bw="16" op_2_bw="64" op_3_bw="64" op_4_bw="64">
<![CDATA[
entry:21 %specmemcore_ln0 = specmemcore void @_ssdm_op_SpecMemCore, i16 %sigB_0, i64 666, i64 207, i64 1

]]></Node>
<StgValue><ssdm name="specmemcore_ln0"/></StgValue>
</operation>

<operation id="32" st_id="1" stage="1" lat="1">
<core>NULL</core>
<MemPortIdVec></MemPortIdVec>
<condition id="-1">
<or_exp><and_exp></and_exp></or_exp>
</condition>

<Node id="32" bw="0" op_0_bw="0" op_1_bw="16">
<![CDATA[
entry:22 %specbitsmap_ln0 = specbitsmap void @_ssdm_op_SpecBitsMap, i16 %sigB_0

]]></Node>
<StgValue><ssdm name="specbitsmap_ln0"/></StgValue>
</operation>

<operation id="33" st_id="1" stage="1" lat="1">
<core>NULL</core>
<MemPortIdVec></MemPortIdVec>
<condition id="-1">
<or_exp><and_exp></and_exp></or_exp>
</condition>

<Node id="33" bw="0" op_0_bw="0" op_1_bw="16" op_2_bw="0" op_3_bw="32" op_4_bw="32" op_5_bw="0" op_6_bw="32" op_7_bw="32" op_8_bw="0" op_9_bw="0" op_10_bw="0" op_11_bw="32" op_12_bw="32" op_13_bw="32" op_14_bw="32" op_15_bw="0" op_16_bw="0" op_17_bw="32" op_18_bw="32" op_19_bw="32">
<![CDATA[
entry:23 %specinterface_ln0 = specinterface void @_ssdm_op_SpecInterface, i16 %sigB_1, void @empty, i32 0, i32 0, void @empty_13, i32 0, i32 0, void @empty_0, void @empty_6, void @empty_13, i32 0, i32 0, i32 0, i32 0, void @empty_13, void @empty_13, i32 4294967295, i32 0, i32 0

]]></Node>
<StgValue><ssdm name="specinterface_ln0"/></StgValue>
</operation>

<operation id="34" st_id="1" stage="1" lat="1">
<core>NULL</core>
<MemPortIdVec></MemPortIdVec>
<condition id="-1">
<or_exp><and_exp></and_exp></or_exp>
</condition>

<Node id="34" bw="0" op_0_bw="0" op_1_bw="16" op_2_bw="0" op_3_bw="32" op_4_bw="32" op_5_bw="0" op_6_bw="32" op_7_bw="32" op_8_bw="0" op_9_bw="0" op_10_bw="0" op_11_bw="32" op_12_bw="32" op_13_bw="32" op_14_bw="32" op_15_bw="0" op_16_bw="0" op_17_bw="32" op_18_bw="32" op_19_bw="32">
<![CDATA[
entry:24 %specinterface_ln0 = specinterface void @_ssdm_op_SpecInterface, i16 %sigB_1, void @empty_2, i32 0, i32 0, void @empty_13, i32 1, i32 0, void @empty_13, void @empty_13, void @empty_13, i32 0, i32 0, i32 0, i32 0, void @empty_13, void @empty_13, i32 4294967295, i32 0, i32 0

]]></Node>
<StgValue><ssdm name="specinterface_ln0"/></StgValue>
</operation>

<operation id="35" st_id="1" stage="1" lat="1">
<core>NULL</core>
<MemPortIdVec></MemPortIdVec>
<condition id="-1">
<or_exp><and_exp></and_exp></or_exp>
</condition>

<Node id="35" bw="0" op_0_bw="0" op_1_bw="16" op_2_bw="64" op_3_bw="64" op_4_bw="64">
<![CDATA[
entry:25 %specmemcore_ln0 = specmemcore void @_ssdm_op_SpecMemCore, i16 %sigB_1, i64 666, i64 207, i64 1

]]></Node>
<StgValue><ssdm name="specmemcore_ln0"/></StgValue>
</operation>

<operation id="36" st_id="1" stage="1" lat="1">
<core>NULL</core>
<MemPortIdVec></MemPortIdVec>
<condition id="-1">
<or_exp><and_exp></and_exp></or_exp>
</condition>

<Node id="36" bw="0" op_0_bw="0" op_1_bw="16">
<![CDATA[
entry:26 %specbitsmap_ln0 = specbitsmap void @_ssdm_op_SpecBitsMap, i16 %sigB_1

]]></Node>
<StgValue><ssdm name="specbitsmap_ln0"/></StgValue>
</operation>

<operation id="37" st_id="1" stage="1" lat="1">
<core>NULL</core>
<MemPortIdVec></MemPortIdVec>
<condition id="-1">
<or_exp><and_exp></and_exp></or_exp>
</condition>

<Node id="37" bw="0" op_0_bw="0" op_1_bw="16" op_2_bw="0" op_3_bw="32" op_4_bw="32" op_5_bw="0" op_6_bw="32" op_7_bw="32" op_8_bw="0" op_9_bw="0" op_10_bw="0" op_11_bw="32" op_12_bw="32" op_13_bw="32" op_14_bw="32" op_15_bw="0" op_16_bw="0" op_17_bw="32" op_18_bw="32" op_19_bw="32">
<![CDATA[
entry:27 %specinterface_ln0 = specinterface void @_ssdm_op_SpecInterface, i16 %sigB_2, void @empty, i32 0, i32 0, void @empty_13, i32 0, i32 0, void @empty_0, void @empty_7, void @empty_13, i32 0, i32 0, i32 0, i32 0, void @empty_13, void @empty_13, i32 4294967295, i32 0, i32 0

]]></Node>
<StgValue><ssdm name="specinterface_ln0"/></StgValue>
</operation>

<operation id="38" st_id="1" stage="1" lat="1">
<core>NULL</core>
<MemPortIdVec></MemPortIdVec>
<condition id="-1">
<or_exp><and_exp></and_exp></or_exp>
</condition>

<Node id="38" bw="0" op_0_bw="0" op_1_bw="16" op_2_bw="0" op_3_bw="32" op_4_bw="32" op_5_bw="0" op_6_bw="32" op_7_bw="32" op_8_bw="0" op_9_bw="0" op_10_bw="0" op_11_bw="32" op_12_bw="32" op_13_bw="32" op_14_bw="32" op_15_bw="0" op_16_bw="0" op_17_bw="32" op_18_bw="32" op_19_bw="32">
<![CDATA[
entry:28 %specinterface_ln0 = specinterface void @_ssdm_op_SpecInterface, i16 %sigB_2, void @empty_2, i32 0, i32 0, void @empty_13, i32 1, i32 0, void @empty_13, void @empty_13, void @empty_13, i32 0, i32 0, i32 0, i32 0, void @empty_13, void @empty_13, i32 4294967295, i32 0, i32 0

]]></Node>
<StgValue><ssdm name="specinterface_ln0"/></StgValue>
</operation>

<operation id="39" st_id="1" stage="1" lat="1">
<core>NULL</core>
<MemPortIdVec></MemPortIdVec>
<condition id="-1">
<or_exp><and_exp></and_exp></or_exp>
</condition>

<Node id="39" bw="0" op_0_bw="0" op_1_bw="16" op_2_bw="64" op_3_bw="64" op_4_bw="64">
<![CDATA[
entry:29 %specmemcore_ln0 = specmemcore void @_ssdm_op_SpecMemCore, i16 %sigB_2, i64 666, i64 207, i64 1

]]></Node>
<StgValue><ssdm name="specmemcore_ln0"/></StgValue>
</operation>

<operation id="40" st_id="1" stage="1" lat="1">
<core>NULL</core>
<MemPortIdVec></MemPortIdVec>
<condition id="-1">
<or_exp><and_exp></and_exp></or_exp>
</condition>

<Node id="40" bw="0" op_0_bw="0" op_1_bw="16">
<![CDATA[
entry:30 %specbitsmap_ln0 = specbitsmap void @_ssdm_op_SpecBitsMap, i16 %sigB_2

]]></Node>
<StgValue><ssdm name="specbitsmap_ln0"/></StgValue>
</operation>

<operation id="41" st_id="1" stage="1" lat="1">
<core>NULL</core>
<MemPortIdVec></MemPortIdVec>
<condition id="-1">
<or_exp><and_exp></and_exp></or_exp>
</condition>

<Node id="41" bw="0" op_0_bw="0" op_1_bw="16" op_2_bw="0" op_3_bw="32" op_4_bw="32" op_5_bw="0" op_6_bw="32" op_7_bw="32" op_8_bw="0" op_9_bw="0" op_10_bw="0" op_11_bw="32" op_12_bw="32" op_13_bw="32" op_14_bw="32" op_15_bw="0" op_16_bw="0" op_17_bw="32" op_18_bw="32" op_19_bw="32">
<![CDATA[
entry:31 %specinterface_ln0 = specinterface void @_ssdm_op_SpecInterface, i16 %sigB_3, void @empty, i32 0, i32 0, void @empty_13, i32 0, i32 0, void @empty_0, void @empty_8, void @empty_13, i32 0, i32 0, i32 0, i32 0, void @empty_13, void @empty_13, i32 4294967295, i32 0, i32 0

]]></Node>
<StgValue><ssdm name="specinterface_ln0"/></StgValue>
</operation>

<operation id="42" st_id="1" stage="1" lat="1">
<core>NULL</core>
<MemPortIdVec></MemPortIdVec>
<condition id="-1">
<or_exp><and_exp></and_exp></or_exp>
</condition>

<Node id="42" bw="0" op_0_bw="0" op_1_bw="16" op_2_bw="0" op_3_bw="32" op_4_bw="32" op_5_bw="0" op_6_bw="32" op_7_bw="32" op_8_bw="0" op_9_bw="0" op_10_bw="0" op_11_bw="32" op_12_bw="32" op_13_bw="32" op_14_bw="32" op_15_bw="0" op_16_bw="0" op_17_bw="32" op_18_bw="32" op_19_bw="32">
<![CDATA[
entry:32 %specinterface_ln0 = specinterface void @_ssdm_op_SpecInterface, i16 %sigB_3, void @empty_2, i32 0, i32 0, void @empty_13, i32 1, i32 0, void @empty_13, void @empty_13, void @empty_13, i32 0, i32 0, i32 0, i32 0, void @empty_13, void @empty_13, i32 4294967295, i32 0, i32 0

]]></Node>
<StgValue><ssdm name="specinterface_ln0"/></StgValue>
</operation>

<operation id="43" st_id="1" stage="1" lat="1">
<core>NULL</core>
<MemPortIdVec></MemPortIdVec>
<condition id="-1">
<or_exp><and_exp></and_exp></or_exp>
</condition>

<Node id="43" bw="0" op_0_bw="0" op_1_bw="16" op_2_bw="64" op_3_bw="64" op_4_bw="64">
<![CDATA[
entry:33 %specmemcore_ln0 = specmemcore void @_ssdm_op_SpecMemCore, i16 %sigB_3, i64 666, i64 207, i64 1

]]></Node>
<StgValue><ssdm name="specmemcore_ln0"/></StgValue>
</operation>

<operation id="44" st_id="1" stage="1" lat="1">
<core>NULL</core>
<MemPortIdVec></MemPortIdVec>
<condition id="-1">
<or_exp><and_exp></and_exp></or_exp>
</condition>

<Node id="44" bw="0" op_0_bw="0" op_1_bw="16">
<![CDATA[
entry:34 %specbitsmap_ln0 = specbitsmap void @_ssdm_op_SpecBitsMap, i16 %sigB_3

]]></Node>
<StgValue><ssdm name="specbitsmap_ln0"/></StgValue>
</operation>

<operation id="45" st_id="1" stage="1" lat="1">
<core>NULL</core>
<MemPortIdVec></MemPortIdVec>
<condition id="-1">
<or_exp><and_exp></and_exp></or_exp>
</condition>

<Node id="45" bw="0" op_0_bw="0" op_1_bw="32" op_2_bw="0" op_3_bw="32" op_4_bw="32" op_5_bw="0" op_6_bw="32" op_7_bw="32" op_8_bw="0" op_9_bw="0" op_10_bw="0" op_11_bw="32" op_12_bw="32" op_13_bw="32" op_14_bw="32" op_15_bw="0" op_16_bw="0" op_17_bw="32" op_18_bw="32" op_19_bw="32">
<![CDATA[
entry:35 %specinterface_ln0 = specinterface void @_ssdm_op_SpecInterface, i32 %energia, void @empty, i32 0, i32 0, void @empty_13, i32 0, i32 0, void @empty_0, void @empty_9, void @empty_13, i32 0, i32 0, i32 0, i32 0, void @empty_13, void @empty_13, i32 4294967295, i32 0, i32 0

]]></Node>
<StgValue><ssdm name="specinterface_ln0"/></StgValue>
</operation>

<operation id="46" st_id="1" stage="1" lat="1">
<core>NULL</core>
<MemPortIdVec></MemPortIdVec>
<condition id="-1">
<or_exp><and_exp></and_exp></or_exp>
</condition>

<Node id="46" bw="0" op_0_bw="0" op_1_bw="32" op_2_bw="0" op_3_bw="32" op_4_bw="32" op_5_bw="0" op_6_bw="32" op_7_bw="32" op_8_bw="0" op_9_bw="0" op_10_bw="0" op_11_bw="32" op_12_bw="32" op_13_bw="32" op_14_bw="32" op_15_bw="0" op_16_bw="0" op_17_bw="32" op_18_bw="32" op_19_bw="32">
<![CDATA[
entry:36 %specinterface_ln0 = specinterface void @_ssdm_op_SpecInterface, i32 %energia, void @empty_2, i32 0, i32 0, void @empty_13, i32 1, i32 0, void @empty_13, void @empty_13, void @empty_13, i32 0, i32 0, i32 0, i32 0, void @empty_13, void @empty_13, i32 4294967295, i32 0, i32 0

]]></Node>
<StgValue><ssdm name="specinterface_ln0"/></StgValue>
</operation>

<operation id="47" st_id="1" stage="1" lat="1">
<core>NULL</core>
<MemPortIdVec></MemPortIdVec>
<condition id="-1">
<or_exp><and_exp></and_exp></or_exp>
</condition>

<Node id="47" bw="0" op_0_bw="0" op_1_bw="32" op_2_bw="64" op_3_bw="64" op_4_bw="64">
<![CDATA[
entry:37 %specmemcore_ln0 = specmemcore void @_ssdm_op_SpecMemCore, i32 %energia, i64 666, i64 207, i64 1

]]></Node>
<StgValue><ssdm name="specmemcore_ln0"/></StgValue>
</operation>

<operation id="48" st_id="1" stage="1" lat="1">
<core>NULL</core>
<MemPortIdVec></MemPortIdVec>
<condition id="-1">
<or_exp><and_exp></and_exp></or_exp>
</condition>

<Node id="48" bw="0" op_0_bw="0" op_1_bw="32">
<![CDATA[
entry:38 %specbitsmap_ln0 = specbitsmap void @_ssdm_op_SpecBitsMap, i32 %energia

]]></Node>
<StgValue><ssdm name="specbitsmap_ln0"/></StgValue>
</operation>

<operation id="49" st_id="1" stage="1" lat="1">
<core>NULL</core>
<MemPortIdVec></MemPortIdVec>
<condition id="-1">
<or_exp><and_exp></and_exp></or_exp>
</condition>

<Node id="49" bw="0" op_0_bw="0" op_1_bw="32" op_2_bw="0" op_3_bw="32" op_4_bw="32" op_5_bw="0" op_6_bw="32" op_7_bw="32" op_8_bw="0" op_9_bw="0" op_10_bw="0" op_11_bw="32" op_12_bw="32" op_13_bw="32" op_14_bw="32" op_15_bw="0" op_16_bw="0" op_17_bw="32" op_18_bw="32" op_19_bw="32">
<![CDATA[
entry:39 %specinterface_ln0 = specinterface void @_ssdm_op_SpecInterface, i32 0, void @empty, i32 0, i32 0, void @empty_13, i32 0, i32 0, void @empty_0, void @empty_13, void @empty_13, i32 0, i32 0, i32 0, i32 0, void @empty_13, void @empty_13, i32 4294967295, i32 0, i32 0

]]></Node>
<StgValue><ssdm name="specinterface_ln0"/></StgValue>
</operation>

<operation id="50" st_id="1" stage="1" lat="1">
<core>NULL</core>
<MemPortIdVec></MemPortIdVec>
<condition id="-1">
<or_exp><and_exp></and_exp></or_exp>
</condition>

<Node id="50" bw="0" op_0_bw="10" op_1_bw="10">
<![CDATA[
entry:40 %store_ln0 = store i10 0, i10 %i1

]]></Node>
<StgValue><ssdm name="store_ln0"/></StgValue>
</operation>

<operation id="51" st_id="1" stage="1" lat="1">
<core>NULL</core>
<MemPortIdVec></MemPortIdVec>
<condition id="-1">
<or_exp><and_exp></and_exp></or_exp>
</condition>

<Node id="51" bw="0" op_0_bw="0">
<![CDATA[
entry:41 %br_ln14 = br void %VITIS_LOOP_18_2.split

]]></Node>
<StgValue><ssdm name="br_ln14"/></StgValue>
</operation>

<operation id="52" st_id="1" stage="1" lat="1">
<core>NULL</core>
<MemPortIdVec></MemPortIdVec>
<condition id="-1">
<or_exp><and_exp></and_exp></or_exp>
</condition>

<Node id="53" bw="10" op_0_bw="10" op_1_bw="0">
<![CDATA[
VITIS_LOOP_18_2.split:0 %i1_load = load i10 %i1

]]></Node>
<StgValue><ssdm name="i1_load"/></StgValue>
</operation>

<operation id="53" st_id="1" stage="1" lat="1">
<core>NULL</core>
<MemPortIdVec></MemPortIdVec>
<condition id="-1">
<or_exp><and_exp></and_exp></or_exp>
</condition>

<Node id="57" bw="7" op_0_bw="7" op_1_bw="10" op_2_bw="32" op_3_bw="32">
<![CDATA[
VITIS_LOOP_18_2.split:4 %lshr_ln = partselect i7 @_ssdm_op_PartSelect.i7.i10.i32.i32, i10 %i1_load, i32 2, i32 8

]]></Node>
<StgValue><ssdm name="lshr_ln"/></StgValue>
</operation>

<operation id="54" st_id="1" stage="1" lat="1">
<core>NULL</core>
<MemPortIdVec></MemPortIdVec>
<condition id="-1">
<or_exp><and_exp></and_exp></or_exp>
</condition>

<Node id="58" bw="64" op_0_bw="7">
<![CDATA[
VITIS_LOOP_18_2.split:5 %zext_ln14 = zext i7 %lshr_ln

]]></Node>
<StgValue><ssdm name="zext_ln14"/></StgValue>
</operation>

<operation id="55" st_id="1" stage="1" lat="1">
<core>NULL</core>
<MemPortIdVec></MemPortIdVec>
<condition id="-1">
<or_exp><and_exp></and_exp></or_exp>
</condition>

<Node id="59" bw="7" op_0_bw="16" op_1_bw="64" op_2_bw="64">
<![CDATA[
VITIS_LOOP_18_2.split:6 %sigA_0_addr = getelementptr i16 %sigA_0, i64 0, i64 %zext_ln14

]]></Node>
<StgValue><ssdm name="sigA_0_addr"/></StgValue>
</operation>

<operation id="56" st_id="1" stage="2" lat="2">
<core>RAM_1P</core>
<MemPortIdVec></MemPortIdVec>
<condition id="-1">
<or_exp><and_exp></and_exp></or_exp>
</condition>

<Node id="60" bw="16" op_0_bw="7">
<![CDATA[
VITIS_LOOP_18_2.split:7 %sigA_0_load = load i7 %sigA_0_addr

]]></Node>
<StgValue><ssdm name="sigA_0_load"/></StgValue>
</operation>

<operation id="57" st_id="1" stage="1" lat="1">
<core>NULL</core>
<MemPortIdVec></MemPortIdVec>
<condition id="-1">
<or_exp><and_exp></and_exp></or_exp>
</condition>

<Node id="61" bw="7" op_0_bw="16" op_1_bw="64" op_2_bw="64">
<![CDATA[
VITIS_LOOP_18_2.split:8 %sigB_0_addr = getelementptr i16 %sigB_0, i64 0, i64 %zext_ln14

]]></Node>
<StgValue><ssdm name="sigB_0_addr"/></StgValue>
</operation>

<operation id="58" st_id="1" stage="2" lat="2">
<core>RAM_1P</core>
<MemPortIdVec></MemPortIdVec>
<condition id="-1">
<or_exp><and_exp></and_exp></or_exp>
</condition>

<Node id="62" bw="16" op_0_bw="7">
<![CDATA[
VITIS_LOOP_18_2.split:9 %sigB_0_load = load i7 %sigB_0_addr

]]></Node>
<StgValue><ssdm name="sigB_0_load"/></StgValue>
</operation>

<operation id="59" st_id="1" stage="1" lat="1">
<core>NULL</core>
<MemPortIdVec></MemPortIdVec>
<condition id="-1">
<or_exp><and_exp></and_exp></or_exp>
</condition>

<Node id="65" bw="7" op_0_bw="16" op_1_bw="64" op_2_bw="64">
<![CDATA[
VITIS_LOOP_18_2.split:12 %sigA_1_addr = getelementptr i16 %sigA_1, i64 0, i64 %zext_ln14

]]></Node>
<StgValue><ssdm name="sigA_1_addr"/></StgValue>
</operation>

<operation id="60" st_id="1" stage="2" lat="2">
<core>RAM_1P</core>
<MemPortIdVec></MemPortIdVec>
<condition id="-1">
<or_exp><and_exp></and_exp></or_exp>
</condition>

<Node id="66" bw="16" op_0_bw="7">
<![CDATA[
VITIS_LOOP_18_2.split:13 %sigA_1_load = load i7 %sigA_1_addr

]]></Node>
<StgValue><ssdm name="sigA_1_load"/></StgValue>
</operation>

<operation id="61" st_id="1" stage="1" lat="1">
<core>NULL</core>
<MemPortIdVec></MemPortIdVec>
<condition id="-1">
<or_exp><and_exp></and_exp></or_exp>
</condition>

<Node id="67" bw="7" op_0_bw="16" op_1_bw="64" op_2_bw="64">
<![CDATA[
VITIS_LOOP_18_2.split:14 %sigB_1_addr = getelementptr i16 %sigB_1, i64 0, i64 %zext_ln14

]]></Node>
<StgValue><ssdm name="sigB_1_addr"/></StgValue>
</operation>

<operation id="62" st_id="1" stage="2" lat="2">
<core>RAM_1P</core>
<MemPortIdVec></MemPortIdVec>
<condition id="-1">
<or_exp><and_exp></and_exp></or_exp>
</condition>

<Node id="68" bw="16" op_0_bw="7">
<![CDATA[
VITIS_LOOP_18_2.split:15 %sigB_1_load = load i7 %sigB_1_addr

]]></Node>
<StgValue><ssdm name="sigB_1_load"/></StgValue>
</operation>

<operation id="63" st_id="1" stage="1" lat="1">
<core>NULL</core>
<MemPortIdVec></MemPortIdVec>
<condition id="-1">
<or_exp><and_exp></and_exp></or_exp>
</condition>

<Node id="71" bw="7" op_0_bw="16" op_1_bw="64" op_2_bw="64">
<![CDATA[
VITIS_LOOP_18_2.split:18 %sigA_2_addr = getelementptr i16 %sigA_2, i64 0, i64 %zext_ln14

]]></Node>
<StgValue><ssdm name="sigA_2_addr"/></StgValue>
</operation>

<operation id="64" st_id="1" stage="2" lat="2">
<core>RAM_1P</core>
<MemPortIdVec></MemPortIdVec>
<condition id="-1">
<or_exp><and_exp></and_exp></or_exp>
</condition>

<Node id="72" bw="16" op_0_bw="7">
<![CDATA[
VITIS_LOOP_18_2.split:19 %sigA_2_load = load i7 %sigA_2_addr

]]></Node>
<StgValue><ssdm name="sigA_2_load"/></StgValue>
</operation>

<operation id="65" st_id="1" stage="1" lat="1">
<core>NULL</core>
<MemPortIdVec></MemPortIdVec>
<condition id="-1">
<or_exp><and_exp></and_exp></or_exp>
</condition>

<Node id="73" bw="7" op_0_bw="16" op_1_bw="64" op_2_bw="64">
<![CDATA[
VITIS_LOOP_18_2.split:20 %sigB_2_addr = getelementptr i16 %sigB_2, i64 0, i64 %zext_ln14

]]></Node>
<StgValue><ssdm name="sigB_2_addr"/></StgValue>
</operation>

<operation id="66" st_id="1" stage="2" lat="2">
<core>RAM_1P</core>
<MemPortIdVec></MemPortIdVec>
<condition id="-1">
<or_exp><and_exp></and_exp></or_exp>
</condition>

<Node id="74" bw="16" op_0_bw="7">
<![CDATA[
VITIS_LOOP_18_2.split:21 %sigB_2_load = load i7 %sigB_2_addr

]]></Node>
<StgValue><ssdm name="sigB_2_load"/></StgValue>
</operation>

<operation id="67" st_id="1" stage="1" lat="1">
<core>NULL</core>
<MemPortIdVec></MemPortIdVec>
<condition id="-1">
<or_exp><and_exp></and_exp></or_exp>
</condition>

<Node id="77" bw="7" op_0_bw="16" op_1_bw="64" op_2_bw="64">
<![CDATA[
VITIS_LOOP_18_2.split:24 %sigA_3_addr = getelementptr i16 %sigA_3, i64 0, i64 %zext_ln14

]]></Node>
<StgValue><ssdm name="sigA_3_addr"/></StgValue>
</operation>

<operation id="68" st_id="1" stage="2" lat="2">
<core>RAM_1P</core>
<MemPortIdVec></MemPortIdVec>
<condition id="-1">
<or_exp><and_exp></and_exp></or_exp>
</condition>

<Node id="78" bw="16" op_0_bw="7">
<![CDATA[
VITIS_LOOP_18_2.split:25 %sigA_3_load = load i7 %sigA_3_addr

]]></Node>
<StgValue><ssdm name="sigA_3_load"/></StgValue>
</operation>

<operation id="69" st_id="1" stage="1" lat="1">
<core>NULL</core>
<MemPortIdVec></MemPortIdVec>
<condition id="-1">
<or_exp><and_exp></and_exp></or_exp>
</condition>

<Node id="79" bw="7" op_0_bw="16" op_1_bw="64" op_2_bw="64">
<![CDATA[
VITIS_LOOP_18_2.split:26 %sigB_3_addr = getelementptr i16 %sigB_3, i64 0, i64 %zext_ln14

]]></Node>
<StgValue><ssdm name="sigB_3_addr"/></StgValue>
</operation>

<operation id="70" st_id="1" stage="2" lat="2">
<core>RAM_1P</core>
<MemPortIdVec></MemPortIdVec>
<condition id="-1">
<or_exp><and_exp></and_exp></or_exp>
</condition>

<Node id="80" bw="16" op_0_bw="7">
<![CDATA[
VITIS_LOOP_18_2.split:27 %sigB_3_load = load i7 %sigB_3_addr

]]></Node>
<StgValue><ssdm name="sigB_3_load"/></StgValue>
</operation>

<operation id="71" st_id="1" stage="1" lat="1">
<core>Adder</core>
<MemPortIdVec></MemPortIdVec>
<condition id="-1">
<or_exp><and_exp></and_exp></or_exp>
</condition>

<Node id="92" bw="10" op_0_bw="10" op_1_bw="10">
<![CDATA[
VITIS_LOOP_18_2.split:39 %i = add i10 %i1_load, i10 4

]]></Node>
<StgValue><ssdm name="i"/></StgValue>
</operation>

<operation id="72" st_id="1" stage="1" lat="1">
<core>NULL</core>
<MemPortIdVec></MemPortIdVec>
<condition id="-1">
<or_exp><and_exp></and_exp></or_exp>
</condition>

<Node id="93" bw="1" op_0_bw="1" op_1_bw="10" op_2_bw="32">
<![CDATA[
VITIS_LOOP_18_2.split:40 %tmp = bitselect i1 @_ssdm_op_BitSelect.i1.i10.i32, i10 %i, i32 9

]]></Node>
<StgValue><ssdm name="tmp"/></StgValue>
</operation>

<operation id="73" st_id="1" stage="1" lat="1">
<core>NULL</core>
<MemPortIdVec></MemPortIdVec>
<condition id="-1">
<or_exp><and_exp></and_exp></or_exp>
</condition>

<Node id="94" bw="0" op_0_bw="10" op_1_bw="10" op_2_bw="0" op_3_bw="0">
<![CDATA[
VITIS_LOOP_18_2.split:41 %store_ln14 = store i10 %i, i10 %i1

]]></Node>
<StgValue><ssdm name="store_ln14"/></StgValue>
</operation>

<operation id="74" st_id="1" stage="1" lat="1">
<core>NULL</core>
<MemPortIdVec></MemPortIdVec>
<condition id="-1">
<or_exp><and_exp></and_exp></or_exp>
</condition>

<Node id="95" bw="0" op_0_bw="1" op_1_bw="0" op_2_bw="0">
<![CDATA[
VITIS_LOOP_18_2.split:42 %br_ln14 = br i1 %tmp, void %VITIS_LOOP_18_2.split, void %for.end17

]]></Node>
<StgValue><ssdm name="br_ln14"/></StgValue>
</operation>
</state>

<state id="2" st_id="3">

<operation id="75" st_id="2" stage="1" lat="2">
<core>RAM_1P</core>
<MemPortIdVec></MemPortIdVec>
<condition id="-1">
<or_exp><and_exp></and_exp></or_exp>
</condition>

<Node id="60" bw="16" op_0_bw="7">
<![CDATA[
VITIS_LOOP_18_2.split:7 %sigA_0_load = load i7 %sigA_0_addr

]]></Node>
<StgValue><ssdm name="sigA_0_load"/></StgValue>
</operation>

<operation id="76" st_id="2" stage="1" lat="2">
<core>RAM_1P</core>
<MemPortIdVec></MemPortIdVec>
<condition id="-1">
<or_exp><and_exp></and_exp></or_exp>
</condition>

<Node id="62" bw="16" op_0_bw="7">
<![CDATA[
VITIS_LOOP_18_2.split:9 %sigB_0_load = load i7 %sigB_0_addr

]]></Node>
<StgValue><ssdm name="sigB_0_load"/></StgValue>
</operation>

<operation id="77" st_id="2" stage="1" lat="1">
<core>Adder</core>
<MemPortIdVec></MemPortIdVec>
<condition id="-1">
<or_exp><and_exp></and_exp></or_exp>
</condition>

<Node id="63" bw="16" op_0_bw="16" op_1_bw="16">
<![CDATA[
VITIS_LOOP_18_2.split:10 %diff = sub i16 %sigA_0_load, i16 %sigB_0_load

]]></Node>
<StgValue><ssdm name="diff"/></StgValue>
</operation>

<operation id="78" st_id="2" stage="1" lat="1">
<core>NULL</core>
<MemPortIdVec></MemPortIdVec>
<condition id="-1">
<or_exp><and_exp></and_exp></or_exp>
</condition>

<Node id="64" bw="32" op_0_bw="16">
<![CDATA[
VITIS_LOOP_18_2.split:11 %sext_ln20 = sext i16 %diff

]]></Node>
<StgValue><ssdm name="sext_ln20"/></StgValue>
</operation>

<operation id="79" st_id="2" stage="1" lat="2">
<core>RAM_1P</core>
<MemPortIdVec></MemPortIdVec>
<condition id="-1">
<or_exp><and_exp></and_exp></or_exp>
</condition>

<Node id="66" bw="16" op_0_bw="7">
<![CDATA[
VITIS_LOOP_18_2.split:13 %sigA_1_load = load i7 %sigA_1_addr

]]></Node>
<StgValue><ssdm name="sigA_1_load"/></StgValue>
</operation>

<operation id="80" st_id="2" stage="1" lat="2">
<core>RAM_1P</core>
<MemPortIdVec></MemPortIdVec>
<condition id="-1">
<or_exp><and_exp></and_exp></or_exp>
</condition>

<Node id="68" bw="16" op_0_bw="7">
<![CDATA[
VITIS_LOOP_18_2.split:15 %sigB_1_load = load i7 %sigB_1_addr

]]></Node>
<StgValue><ssdm name="sigB_1_load"/></StgValue>
</operation>

<operation id="81" st_id="2" stage="1" lat="1">
<core>Adder</core>
<MemPortIdVec></MemPortIdVec>
<condition id="-1">
<or_exp><and_exp></and_exp></or_exp>
</condition>

<Node id="69" bw="16" op_0_bw="16" op_1_bw="16">
<![CDATA[
VITIS_LOOP_18_2.split:16 %diff_1 = sub i16 %sigA_1_load, i16 %sigB_1_load

]]></Node>
<StgValue><ssdm name="diff_1"/></StgValue>
</operation>

<operation id="82" st_id="2" stage="1" lat="2">
<core>RAM_1P</core>
<MemPortIdVec></MemPortIdVec>
<condition id="-1">
<or_exp><and_exp></and_exp></or_exp>
</condition>

<Node id="72" bw="16" op_0_bw="7">
<![CDATA[
VITIS_LOOP_18_2.split:19 %sigA_2_load = load i7 %sigA_2_addr

]]></Node>
<StgValue><ssdm name="sigA_2_load"/></StgValue>
</operation>

<operation id="83" st_id="2" stage="1" lat="2">
<core>RAM_1P</core>
<MemPortIdVec></MemPortIdVec>
<condition id="-1">
<or_exp><and_exp></and_exp></or_exp>
</condition>

<Node id="74" bw="16" op_0_bw="7">
<![CDATA[
VITIS_LOOP_18_2.split:21 %sigB_2_load = load i7 %sigB_2_addr

]]></Node>
<StgValue><ssdm name="sigB_2_load"/></StgValue>
</operation>

<operation id="84" st_id="2" stage="1" lat="1">
<core>Adder</core>
<MemPortIdVec></MemPortIdVec>
<condition id="-1">
<or_exp><and_exp></and_exp></or_exp>
</condition>

<Node id="75" bw="16" op_0_bw="16" op_1_bw="16">
<![CDATA[
VITIS_LOOP_18_2.split:22 %diff_2 = sub i16 %sigA_2_load, i16 %sigB_2_load

]]></Node>
<StgValue><ssdm name="diff_2"/></StgValue>
</operation>

<operation id="85" st_id="2" stage="1" lat="2">
<core>RAM_1P</core>
<MemPortIdVec></MemPortIdVec>
<condition id="-1">
<or_exp><and_exp></and_exp></or_exp>
</condition>

<Node id="78" bw="16" op_0_bw="7">
<![CDATA[
VITIS_LOOP_18_2.split:25 %sigA_3_load = load i7 %sigA_3_addr

]]></Node>
<StgValue><ssdm name="sigA_3_load"/></StgValue>
</operation>

<operation id="86" st_id="2" stage="1" lat="2">
<core>RAM_1P</core>
<MemPortIdVec></MemPortIdVec>
<condition id="-1">
<or_exp><and_exp></and_exp></or_exp>
</condition>

<Node id="80" bw="16" op_0_bw="7">
<![CDATA[
VITIS_LOOP_18_2.split:27 %sigB_3_load = load i7 %sigB_3_addr

]]></Node>
<StgValue><ssdm name="sigB_3_load"/></StgValue>
</operation>

<operation id="87" st_id="2" stage="1" lat="1">
<core>Adder</core>
<MemPortIdVec></MemPortIdVec>
<condition id="-1">
<or_exp><and_exp></and_exp></or_exp>
</condition>

<Node id="81" bw="16" op_0_bw="16" op_1_bw="16">
<![CDATA[
VITIS_LOOP_18_2.split:28 %diff_3 = sub i16 %sigA_3_load, i16 %sigB_3_load

]]></Node>
<StgValue><ssdm name="diff_3"/></StgValue>
</operation>

<operation id="88" st_id="2" stage="3" lat="3">
<core>DSP48</core>
<MemPortIdVec></MemPortIdVec>
<condition id="-1">
<or_exp><and_exp></and_exp></or_exp>
</condition>

<Node id="86" bw="32" op_0_bw="32" op_1_bw="32">
<![CDATA[
VITIS_LOOP_18_2.split:33 %mul_ln20_3 = mul i32 %sext_ln20, i32 %sext_ln20

]]></Node>
<StgValue><ssdm name="mul_ln20_3"/></StgValue>
</operation>
</state>

<state id="3" st_id="4">

<operation id="89" st_id="3" stage="1" lat="1">
<core>NULL</core>
<MemPortIdVec></MemPortIdVec>
<condition id="-1">
<or_exp><and_exp></and_exp></or_exp>
</condition>

<Node id="82" bw="32" op_0_bw="16">
<![CDATA[
VITIS_LOOP_18_2.split:29 %sext_ln20_3 = sext i16 %diff_3

]]></Node>
<StgValue><ssdm name="sext_ln20_3"/></StgValue>
</operation>

<operation id="90" st_id="3" stage="3" lat="3">
<core>DSP48</core>
<MemPortIdVec></MemPortIdVec>
<condition id="-1">
<or_exp><and_exp></and_exp></or_exp>
</condition>

<Node id="83" bw="32" op_0_bw="32" op_1_bw="32">
<![CDATA[
VITIS_LOOP_18_2.split:30 %mul_ln20 = mul i32 %sext_ln20_3, i32 %sext_ln20_3

]]></Node>
<StgValue><ssdm name="mul_ln20"/></StgValue>
</operation>

<operation id="91" st_id="3" stage="2" lat="3">
<core>DSP48</core>
<MemPortIdVec></MemPortIdVec>
<condition id="-1">
<or_exp><and_exp></and_exp></or_exp>
</condition>

<Node id="86" bw="32" op_0_bw="32" op_1_bw="32">
<![CDATA[
VITIS_LOOP_18_2.split:33 %mul_ln20_3 = mul i32 %sext_ln20, i32 %sext_ln20

]]></Node>
<StgValue><ssdm name="mul_ln20_3"/></StgValue>
</operation>
</state>

<state id="4" st_id="5">

<operation id="92" st_id="4" stage="1" lat="1">
<core>NULL</core>
<MemPortIdVec></MemPortIdVec>
<condition id="-1">
<or_exp><and_exp></and_exp></or_exp>
</condition>

<Node id="70" bw="32" op_0_bw="16">
<![CDATA[
VITIS_LOOP_18_2.split:17 %sext_ln20_1 = sext i16 %diff_1

]]></Node>
<StgValue><ssdm name="sext_ln20_1"/></StgValue>
</operation>

<operation id="93" st_id="4" stage="2" lat="3">
<core>DSP48</core>
<MemPortIdVec></MemPortIdVec>
<condition id="-1">
<or_exp><and_exp></and_exp></or_exp>
</condition>

<Node id="83" bw="32" op_0_bw="32" op_1_bw="32">
<![CDATA[
VITIS_LOOP_18_2.split:30 %mul_ln20 = mul i32 %sext_ln20_3, i32 %sext_ln20_3

]]></Node>
<StgValue><ssdm name="mul_ln20"/></StgValue>
</operation>

<operation id="94" st_id="4" stage="1" lat="1">
<core>Multiplier</core>
<MemPortIdVec></MemPortIdVec>
<condition id="-1">
<or_exp><and_exp></and_exp></or_exp>
</condition>

<Node id="84" bw="32" op_0_bw="32" op_1_bw="32">
<![CDATA[
VITIS_LOOP_18_2.split:31 %mul_ln20_1 = mul i32 %sext_ln20_1, i32 %sext_ln20_1

]]></Node>
<StgValue><ssdm name="mul_ln20_1"/></StgValue>
</operation>

<operation id="95" st_id="4" stage="1" lat="3">
<core>DSP48</core>
<MemPortIdVec></MemPortIdVec>
<condition id="-1">
<or_exp><and_exp></and_exp></or_exp>
</condition>

<Node id="86" bw="32" op_0_bw="32" op_1_bw="32">
<![CDATA[
VITIS_LOOP_18_2.split:33 %mul_ln20_3 = mul i32 %sext_ln20, i32 %sext_ln20

]]></Node>
<StgValue><ssdm name="mul_ln20_3"/></StgValue>
</operation>

<operation id="96" st_id="4" stage="2" lat="2">
<core>DSP48</core>
<MemPortIdVec></MemPortIdVec>
<condition id="-1">
<or_exp><and_exp></and_exp></or_exp>
</condition>

<Node id="87" bw="32" op_0_bw="32" op_1_bw="32">
<![CDATA[
VITIS_LOOP_18_2.split:34 %add_ln20 = add i32 %mul_ln20_1, i32 %mul_ln20_3

]]></Node>
<StgValue><ssdm name="add_ln20"/></StgValue>
</operation>
</state>

<state id="5" st_id="6">

<operation id="97" st_id="5" stage="1" lat="1">
<core>NULL</core>
<MemPortIdVec></MemPortIdVec>
<condition id="-1">
<or_exp><and_exp></and_exp></or_exp>
</condition>

<Node id="76" bw="32" op_0_bw="16">
<![CDATA[
VITIS_LOOP_18_2.split:23 %sext_ln20_2 = sext i16 %diff_2

]]></Node>
<StgValue><ssdm name="sext_ln20_2"/></StgValue>
</operation>

<operation id="98" st_id="5" stage="1" lat="3">
<core>DSP48</core>
<MemPortIdVec></MemPortIdVec>
<condition id="-1">
<or_exp><and_exp></and_exp></or_exp>
</condition>

<Node id="83" bw="32" op_0_bw="32" op_1_bw="32">
<![CDATA[
VITIS_LOOP_18_2.split:30 %mul_ln20 = mul i32 %sext_ln20_3, i32 %sext_ln20_3

]]></Node>
<StgValue><ssdm name="mul_ln20"/></StgValue>
</operation>

<operation id="99" st_id="5" stage="1" lat="1">
<core>Multiplier</core>
<MemPortIdVec></MemPortIdVec>
<condition id="-1">
<or_exp><and_exp></and_exp></or_exp>
</condition>

<Node id="85" bw="32" op_0_bw="32" op_1_bw="32">
<![CDATA[
VITIS_LOOP_18_2.split:32 %mul_ln20_2 = mul i32 %sext_ln20_2, i32 %sext_ln20_2

]]></Node>
<StgValue><ssdm name="mul_ln20_2"/></StgValue>
</operation>

<operation id="100" st_id="5" stage="1" lat="2">
<core>DSP48</core>
<MemPortIdVec></MemPortIdVec>
<condition id="-1">
<or_exp><and_exp></and_exp></or_exp>
</condition>

<Node id="87" bw="32" op_0_bw="32" op_1_bw="32">
<![CDATA[
VITIS_LOOP_18_2.split:34 %add_ln20 = add i32 %mul_ln20_1, i32 %mul_ln20_3

]]></Node>
<StgValue><ssdm name="add_ln20"/></StgValue>
</operation>

<operation id="101" st_id="5" stage="2" lat="2">
<core>DSP48</core>
<MemPortIdVec></MemPortIdVec>
<condition id="-1">
<or_exp><and_exp></and_exp></or_exp>
</condition>

<Node id="88" bw="32" op_0_bw="32" op_1_bw="32">
<![CDATA[
VITIS_LOOP_18_2.split:35 %add_ln20_1 = add i32 %mul_ln20_2, i32 %mul_ln20

]]></Node>
<StgValue><ssdm name="add_ln20_1"/></StgValue>
</operation>
</state>

<state id="6" st_id="7">

<operation id="102" st_id="6" stage="1" lat="2">
<core>DSP48</core>
<MemPortIdVec></MemPortIdVec>
<condition id="-1">
<or_exp><and_exp></and_exp></or_exp>
</condition>

<Node id="88" bw="32" op_0_bw="32" op_1_bw="32">
<![CDATA[
VITIS_LOOP_18_2.split:35 %add_ln20_1 = add i32 %mul_ln20_2, i32 %mul_ln20

]]></Node>
<StgValue><ssdm name="add_ln20_1"/></StgValue>
</operation>

<operation id="103" st_id="6" stage="1" lat="1">
<core>Adder</core>
<MemPortIdVec></MemPortIdVec>
<condition id="-1">
<or_exp><and_exp></and_exp></or_exp>
</condition>

<Node id="89" bw="32" op_0_bw="32" op_1_bw="32">
<![CDATA[
VITIS_LOOP_18_2.split:36 %sum = add i32 %add_ln20_1, i32 %add_ln20

]]></Node>
<StgValue><ssdm name="sum"/></StgValue>
</operation>

<operation id="104" st_id="6" stage="1" lat="1">
<core>NULL</core>
<MemPortIdVec></MemPortIdVec>
<condition id="-1">
<or_exp><and_exp></and_exp></or_exp>
</condition>

<Node id="90" bw="7" op_0_bw="32" op_1_bw="64" op_2_bw="64">
<![CDATA[
VITIS_LOOP_18_2.split:37 %energia_addr = getelementptr i32 %energia, i64 0, i64 %zext_ln14

]]></Node>
<StgValue><ssdm name="energia_addr"/></StgValue>
</operation>

<operation id="105" st_id="6" stage="2" lat="2">
<core>RAM_1P</core>
<MemPortIdVec></MemPortIdVec>
<condition id="-1">
<or_exp><and_exp></and_exp></or_exp>
</condition>

<Node id="91" bw="0" op_0_bw="32" op_1_bw="7">
<![CDATA[
VITIS_LOOP_18_2.split:38 %store_ln22 = store i32 %sum, i7 %energia_addr

]]></Node>
<StgValue><ssdm name="store_ln22"/></StgValue>
</operation>
</state>

<state id="7" st_id="8">

<operation id="106" st_id="7" stage="1" lat="1">
<core>NULL</core>
<MemPortIdVec></MemPortIdVec>
<condition id="-1">
<or_exp><and_exp></and_exp></or_exp>
</condition>

<Node id="54" bw="0" op_0_bw="0" op_1_bw="32" op_2_bw="32" op_3_bw="32" op_4_bw="32" op_5_bw="0">
<![CDATA[
VITIS_LOOP_18_2.split:1 %specpipeline_ln16 = specpipeline void @_ssdm_op_SpecPipeline, i32 2, i32 0, i32 0, i32 0, void @empty_13

]]></Node>
<StgValue><ssdm name="specpipeline_ln16"/></StgValue>
</operation>

<operation id="107" st_id="7" stage="1" lat="1">
<core>NULL</core>
<MemPortIdVec></MemPortIdVec>
<condition id="-1">
<or_exp><and_exp></and_exp></or_exp>
</condition>

<Node id="55" bw="0" op_0_bw="0" op_1_bw="64" op_2_bw="64" op_3_bw="64">
<![CDATA[
VITIS_LOOP_18_2.split:2 %speclooptripcount_ln14 = speclooptripcount void @_ssdm_op_SpecLoopTripCount, i64 128, i64 128, i64 128

]]></Node>
<StgValue><ssdm name="speclooptripcount_ln14"/></StgValue>
</operation>

<operation id="108" st_id="7" stage="1" lat="1">
<core>NULL</core>
<MemPortIdVec></MemPortIdVec>
<condition id="-1">
<or_exp><and_exp></and_exp></or_exp>
</condition>

<Node id="56" bw="0" op_0_bw="0" op_1_bw="0">
<![CDATA[
VITIS_LOOP_18_2.split:3 %specloopname_ln14 = specloopname void @_ssdm_op_SpecLoopName, void @empty_12

]]></Node>
<StgValue><ssdm name="specloopname_ln14"/></StgValue>
</operation>

<operation id="109" st_id="7" stage="1" lat="2">
<core>RAM_1P</core>
<MemPortIdVec></MemPortIdVec>
<condition id="-1">
<or_exp><and_exp></and_exp></or_exp>
</condition>

<Node id="91" bw="0" op_0_bw="32" op_1_bw="7">
<![CDATA[
VITIS_LOOP_18_2.split:38 %store_ln22 = store i32 %sum, i7 %energia_addr

]]></Node>
<StgValue><ssdm name="store_ln22"/></StgValue>
</operation>

<operation id="110" st_id="7" stage="1" lat="1">
<core>NULL</core>
<MemPortIdVec></MemPortIdVec>
<condition id="-1">
<or_exp><and_exp><literal name="tmp" val="1"/>
</and_exp></or_exp>
</condition>

<Node id="97" bw="0">
<![CDATA[
for.end17:0 %ret_ln24 = ret

]]></Node>
<StgValue><ssdm name="ret_ln24"/></StgValue>
</operation>
</state>
</state_list>


<ports>
</ports>


<dataflows>
</dataflows>


</stg>
