<profile>

<section name = "Vitis HLS Report for 'diferencia_energia'" level="0">
<item name = "Date">Sat Mar 22 02:28:46 2025
</item>
<item name = "Version">2024.2 (Build 5238294 on Nov  8 2024)</item>
<item name = "Project">diferencia_energia</item>
<item name = "Solution">hls (Vitis Kernel Flow Target)</item>
<item name = "Product family">virtexuplus</item>
<item name = "Target device">xcvu9p-flga2104-2-i</item>
</section>

<section name = "Performance Estimates" level="0">
<item name = "Timing">
<section name = "" level="1">
<item name = "Summary"><table name="" hasTotal="0">
<keys size="4">Clock, Target, Estimated, Uncertainty</keys>
<column name="ap_clk">10.00 ns, 2.585 ns, 1.20 ns</column>
</table>
</item>
</section>
</item>
<item name = "Latency">
<section name = "" level="1">
<item name = "Summary"><table name="" hasTotal="0">
<keys size="8">, min, max, min, max, min, max, Type</keys>
<column name="">262, 262, 2.620 us, 2.620 us, 256, 256, loop auto-rewind stp (delay=0 clock cycles(s))</column>
</table>
</item>
<item name = "Detail">
<section name = "" level="1">
<item name = "Instance"><table name="" hasTotal="0">
<keys size="9">Instance, Module, min, max, min, max, min, max, Type</keys>
</table>
</item>
<item name = "Loop"><table name="" hasTotal="0">
<keys size="8">Loop Name, min, max, Latency, achieved, target, Count, Pipelined</keys>
<column name="- VITIS_LOOP_14_1">260, 260, 7, 2, 2, 128, yes</column>
</table>
</item>
</section>
</item>
</section>
</item>
</section>
</profile>
