<profile>

<section name = "Vitis HLS Report for 'diferencia_energia'" level="0">
<item name = "Date">Sat Mar 22 02:28:47 2025
</item>
<item name = "Version">2024.2 (Build 5238294 on Nov  8 2024)</item>
<item name = "Project">diferencia_energia</item>
<item name = "Solution">hls (Vitis Kernel Flow Target)</item>
<item name = "Product family">virtexuplus</item>
<item name = "Target device">xcvu9p-flga2104-2-i</item>
</section>

<section name = "Performance Estimates" level="0">
<item name = "Timing">
<section name = "" level="1">
<item name = "Summary"><table name="" hasTotal="0">
<keys size="4">Clock, Target, Estimated, Uncertainty</keys>
<column name="ap_clk">10.00 ns, 2.585 ns, 1.20 ns</column>
</table>
</item>
</section>
</item>
<item name = "Latency">
<section name = "" level="1">
<item name = "Summary"><table name="" hasTotal="0">
<keys size="8">, min, max, min, max, min, max, Type</keys>
<column name="">262, 262, 2.620 us, 2.620 us, 256, 256, loop auto-rewind stp (delay=0 clock cycles(s))</column>
</table>
</item>
<item name = "Detail">
<section name = "" level="1">
<item name = "Instance"><table name="" hasTotal="0">
<keys size="9">Instance, Module, min, max, min, max, min, max, Type</keys>
</table>
</item>
<item name = "Loop"><table name="" hasTotal="0">
<keys size="8">Loop Name, min, max, Latency, achieved, target, Count, Pipelined</keys>
<column name="- VITIS_LOOP_14_1">260, 260, 7, 2, 2, 128, yes</column>
</table>
</item>
</section>
</item>
</section>
</item>
</section>

<section name = "Utilization Estimates" level="0">
<item name = "Summary"><table name="" hasTotal="1">
<keys size="6">Name, BRAM_18K, DSP, FF, LUT, URAM</keys>
<column name="DSP">-, 2, -, -, -</column>
<column name="Expression">-, -, 0, 154, -</column>
<column name="FIFO">-, -, -, -, -</column>
<column name="Instance">0, 2, 916, 1009, 0</column>
<column name="Memory">-, -, -, -, -</column>
<column name="Multiplexer">-, -, 0, 86, -</column>
<column name="Register">-, -, 255, 64, -</column>
<specialColumn name="Available SLR">1440, 2280, 788160, 394080, 320</specialColumn>
<specialColumn name="Utilization SLR (%)">0, ~0, ~0, ~0, 0</specialColumn>
<specialColumn name="Available">4320, 6840, 2364480, 1182240, 960</specialColumn>
<specialColumn name="Utilization (%)">0, ~0, ~0, ~0, 0</specialColumn>
</table>
</item>
<item name = "Detail">
<section name = "" level="1">
<item name = "Instance"><table name="" hasTotal="1">
<keys size="7">Instance, Module, BRAM_18K, DSP, FF, LUT, URAM</keys>
<column name="control_s_axi_U">control_s_axi, 0, 0, 916, 999, 0</column>
<column name="mul_16s_16s_32_1_1_U1">mul_16s_16s_32_1_1, 0, 1, 0, 5, 0</column>
<column name="mul_16s_16s_32_1_1_U2">mul_16s_16s_32_1_1, 0, 1, 0, 5, 0</column>
</table>
</item>
<item name = "DSP"><table name="" hasTotal="0">
<keys size="3">Instance, Module, Expression</keys>
<column name="mac_muladd_16s_16s_32s_32_4_1_U3">mac_muladd_16s_16s_32s_32_4_1, i0 + i1 * i1</column>
<column name="mac_muladd_16s_16s_32s_32_4_1_U4">mac_muladd_16s_16s_32s_32_4_1, i0 + i1 * i1</column>
</table>
</item>
<item name = "Memory"><table name="" hasTotal="1">
<keys size="10">Memory, Module, BRAM_18K, FF, LUT, URAM, Words, Bits, Banks, W*Bits*Banks</keys>
</table>
</item>
<item name = "FIFO"><table name="" hasTotal="1">
<keys size="8">Name, BRAM_18K, FF, LUT, URAM, Depth, Bits, Size:D*B</keys>
</table>
</item>
<item name = "Expression"><table name="" hasTotal="1">
<keys size="7">Variable Name, Operation, DSP, FF, LUT, Bitwidth P0, Bitwidth P1</keys>
<column name="i_fu_245_p2">+, 0, 0, 17, 10, 3</column>
<column name="sum_fu_313_p2">+, 0, 0, 39, 32, 32</column>
<column name="diff_1_fu_274_p2">-, 0, 0, 23, 16, 16</column>
<column name="diff_2_fu_280_p2">-, 0, 0, 23, 16, 16</column>
<column name="diff_3_fu_286_p2">-, 0, 0, 23, 16, 16</column>
<column name="diff_fu_264_p2">-, 0, 0, 23, 16, 16</column>
<column name="ap_block_pp0_stage0_11001">and, 0, 0, 2, 1, 1</column>
<column name="ap_condition_230">and, 0, 0, 2, 1, 1</column>
<column name="ap_enable_pp0">xor, 0, 0, 2, 1, 2</column>
</table>
</item>
<item name = "Multiplexer"><table name="" hasTotal="1">
<keys size="5">Name, LUT, Input Size, Bits, Total Bits</keys>
<column name="ap_NS_fsm">14, 3, 1, 3</column>
<column name="ap_done_int">9, 2, 1, 2</column>
<column name="ap_enable_reg_pp0_iter0">9, 2, 1, 2</column>
<column name="ap_enable_reg_pp0_iter3">9, 2, 1, 2</column>
<column name="ap_loop_exit_ready_pp0_iter1_reg">9, 2, 1, 2</column>
<column name="ap_loop_exit_ready_pp0_iter2_reg">9, 2, 1, 2</column>
<column name="ap_loop_exit_ready_pp0_iter3_reg">9, 2, 1, 2</column>
<column name="ap_sig_allocacmp_i1_load">9, 2, 10, 20</column>
<column name="i1_fu_94">9, 2, 10, 20</column>
</table>
</item>
<item name = "Register"><table name="" hasTotal="1">
<keys size="5">Name, FF, LUT, Bits, Const Bits</keys>
<column name="add_ln20_reg_428">32, 0, 32, 0</column>
<column name="ap_CS_fsm">2, 0, 2, 0</column>
<column name="ap_done_reg">1, 0, 1, 0</column>
<column name="ap_enable_reg_pp0_iter0_reg">1, 0, 1, 0</column>
<column name="ap_enable_reg_pp0_iter1">1, 0, 1, 0</column>
<column name="ap_enable_reg_pp0_iter2">1, 0, 1, 0</column>
<column name="ap_enable_reg_pp0_iter3">1, 0, 1, 0</column>
<column name="ap_loop_exit_ready_pp0_iter1_reg">1, 0, 1, 0</column>
<column name="ap_loop_exit_ready_pp0_iter2_reg">1, 0, 1, 0</column>
<column name="ap_loop_exit_ready_pp0_iter3_reg">1, 0, 1, 0</column>
<column name="ap_rst_n_inv">1, 0, 1, 0</column>
<column name="ap_rst_reg_1">1, 0, 1, 0</column>
<column name="ap_rst_reg_2">1, 0, 1, 0</column>
<column name="diff_1_reg_397">16, 0, 16, 0</column>
<column name="diff_2_reg_402">16, 0, 16, 0</column>
<column name="diff_2_reg_402_pp0_iter1_reg">16, 0, 16, 0</column>
<column name="diff_3_reg_407">16, 0, 16, 0</column>
<column name="i1_fu_94">10, 0, 10, 0</column>
<column name="tmp_reg_387">1, 0, 1, 0</column>
<column name="zext_ln14_reg_342">7, 0, 64, 57</column>
<column name="tmp_reg_387">64, 32, 1, 0</column>
<column name="zext_ln14_reg_342">64, 32, 64, 57</column>
</table>
</item>
</section>
</item>
</section>

<section name = "Interface" level="0">
<item name = "Summary"><table name="" hasTotal="0">
<keys size="6">RTL Ports, Dir, Bits, Protocol, Source Object, C Type</keys>
<column name="s_axi_control_AWVALID">in, 1, s_axi, control, array</column>
<column name="s_axi_control_AWREADY">out, 1, s_axi, control, array</column>
<column name="s_axi_control_AWADDR">in, 12, s_axi, control, array</column>
<column name="s_axi_control_WVALID">in, 1, s_axi, control, array</column>
<column name="s_axi_control_WREADY">out, 1, s_axi, control, array</column>
<column name="s_axi_control_WDATA">in, 32, s_axi, control, array</column>
<column name="s_axi_control_WSTRB">in, 4, s_axi, control, array</column>
<column name="s_axi_control_ARVALID">in, 1, s_axi, control, array</column>
<column name="s_axi_control_ARREADY">out, 1, s_axi, control, array</column>
<column name="s_axi_control_ARADDR">in, 12, s_axi, control, array</column>
<column name="s_axi_control_RVALID">out, 1, s_axi, control, array</column>
<column name="s_axi_control_RREADY">in, 1, s_axi, control, array</column>
<column name="s_axi_control_RDATA">out, 32, s_axi, control, array</column>
<column name="s_axi_control_RRESP">out, 2, s_axi, control, array</column>
<column name="s_axi_control_BVALID">out, 1, s_axi, control, array</column>
<column name="s_axi_control_BREADY">in, 1, s_axi, control, array</column>
<column name="s_axi_control_BRESP">out, 2, s_axi, control, array</column>
<column name="ap_clk">in, 1, ap_ctrl_chain, diferencia_energia, return value</column>
<column name="ap_rst_n">in, 1, ap_ctrl_chain, diferencia_energia, return value</column>
<column name="interrupt">out, 1, ap_ctrl_chain, diferencia_energia, return value</column>
</table>
</item>
</section>
</profile>
