<xilinx:hls_fe_msgs>
    <msg msg_groups="PRAGMA_VERBOSE_DUMP" msg_id="207-5471" msg_severity="WARNING" msg_loc="directive:1:9" msg_body="HLS pragma dump">
        <args ARG_PragmaContext="directive" ARG_PragmaFunction="diferencia_energia" ARG_PragmaIsValid="1" ARG_PragmaOptions="name=diferencia_energia" ARG_PragmaType="top" ClangWarningOption="dump-hls-pragmas"/>
    </msg>
    <msg msg_groups="PRAGMA_VERBOSE_DUMP" msg_id="207-5471" msg_severity="WARNING" msg_loc="/users/ae002/Descargas/ejemplo/diferencia_energia.cpp:7:9" msg_body="HLS pragma dump">
        <args ARG_PragmaFunction="diferencia_energia" ARG_PragmaIsValid="1" ARG_PragmaOptions="ap_memory port=sigA" ARG_PragmaType="interface" ClangWarningOption="dump-hls-pragmas"/>
    </msg>
    <msg msg_groups="PRAGMA_VERBOSE_DUMP" msg_id="207-5471" msg_severity="WARNING" msg_loc="/users/ae002/Descargas/ejemplo/diferencia_energia.cpp:8:9" msg_body="HLS pragma dump">
        <args ARG_PragmaFunction="diferencia_energia" ARG_PragmaIsValid="1" ARG_PragmaOptions="ap_memory port=sigB" ARG_PragmaType="interface" ClangWarningOption="dump-hls-pragmas"/>
    </msg>
    <msg msg_groups="PRAGMA_VERBOSE_DUMP" msg_id="207-5471" msg_severity="WARNING" msg_loc="/users/ae002/Descargas/ejemplo/diferencia_energia.cpp:9:9" msg_body="HLS pragma dump">
        <args ARG_PragmaFunction="diferencia_energia" ARG_PragmaIsValid="1" ARG_PragmaOptions="ap_memory port=energia" ARG_PragmaType="interface" ClangWarningOption="dump-hls-pragmas"/>
    </msg>
    <msg msg_groups="PRAGMA_VERBOSE_DUMP" msg_id="207-5471" msg_severity="WARNING" msg_loc="/users/ae002/Descargas/ejemplo/diferencia_energia.cpp:11:9" msg_body="HLS pragma dump">
        <args ARG_PragmaFunction="diferencia_energia" ARG_PragmaIsValid="1" ARG_PragmaOptions="variable=sigA cyclic factor=4 dim=1" ARG_PragmaType="array_partition" ClangWarningOption="dump-hls-pragmas"/>
    </msg>
    <msg msg_groups="PRAGMA_VERBOSE_DUMP" msg_id="207-5471" msg_severity="WARNING" msg_loc="/users/ae002/Descargas/ejemplo/diferencia_energia.cpp:12:9" msg_body="HLS pragma dump">
        <args ARG_PragmaFunction="diferencia_energia" ARG_PragmaIsValid="1" ARG_PragmaOptions="variable=sigB cyclic factor=4 dim=1" ARG_PragmaType="array_partition" ClangWarningOption="dump-hls-pragmas"/>
    </msg>
    <msg msg_groups="PRAGMA_VERBOSE_DUMP" msg_id="207-5471" msg_severity="WARNING" msg_loc="/users/ae002/Descargas/ejemplo/diferencia_energia.cpp:16:9" msg_body="HLS pragma dump">
        <args ARG_PragmaFunction="diferencia_energia" ARG_PragmaIsValid="1" ARG_PragmaOptions="II=2" ARG_PragmaType="pipeline" ClangWarningOption="dump-hls-pragmas"/>
    </msg>
    <msg msg_groups="PRAGMA_UNROLL" msg_id="214-291" msg_severity="INFO" msg_loc="/users/ae002/Descargas/ejemplo/diferencia_energia.cpp:18:19" msg_body="Loop 'VITIS_LOOP_18_2' is marked as complete unroll implied by the pipeline pragma">
        <args LoopName="VITIS_LOOP_18_2"/>
    </msg>
    <msg msg_groups="PRAGMA_UNROLL" msg_id="214-186" msg_severity="INFO" msg_loc="/users/ae002/Descargas/ejemplo/diferencia_energia.cpp:5:0" msg_body="Unrolling loop 'VITIS_LOOP_18_2' (/users/ae002/Descargas/ejemplo/diferencia_energia.cpp:18:19) in function 'diferencia_energia' completely with a factor of 4">
        <args Factor="4" LoopLoc="/users/ae002/Descargas/ejemplo/diferencia_energia.cpp:18:19" LoopName="VITIS_LOOP_18_2"/>
    </msg>
    <msg msg_groups="PRAGMA_MISC" msg_id="214-248" msg_severity="INFO" msg_loc="/users/ae002/Descargas/ejemplo/diferencia_energia.cpp:5:0" msg_body="Applying array_partition to 'sigA': Cyclic partitioning with factor 4 on dimension 1.">
        <args Dim="1" Factor="4" Mode="Cyclic" UOName="sigA"/>
    </msg>
    <msg msg_groups="PRAGMA_MISC" msg_id="214-248" msg_severity="INFO" msg_loc="/users/ae002/Descargas/ejemplo/diferencia_energia.cpp:5:0" msg_body="Applying array_partition to 'sigB': Cyclic partitioning with factor 4 on dimension 1.">
        <args Dim="1" Factor="4" Mode="Cyclic" UOName="sigB"/>
    </msg>
</xilinx:hls_fe_msgs>

