<root versionMajor = "1" versionMinor = "5">
  <kernel src_name="diferencia_energia" language="c" hwCtrl="ap_ctrl_chain" mem_layout="fpga64-xilinx-none">
    <args>
      <arg id="0" access_type="r" src_name="sigA" src_type="short*" src_isptr="1" src_bitwidth="16" src_size_or_depth="512">
        <hw hw_usage="data" hw_interface="S_AXILite" hw_name="control" hw_bitwidth="16" hw_size_or_depth="128" hw_kernel_support="true">
          <constraint constraint_type="pragma interface" mode="s_axilite" register_option="0" offset="256"/>
        </hw>
        <hw hw_usage="data" hw_interface="S_AXILite" hw_name="control" hw_bitwidth="16" hw_size_or_depth="128" hw_kernel_support="true">
          <constraint constraint_type="pragma interface" mode="s_axilite" register_option="0" offset="512"/>
        </hw>
        <hw hw_usage="data" hw_interface="S_AXILite" hw_name="control" hw_bitwidth="16" hw_size_or_depth="128" hw_kernel_support="true">
          <constraint constraint_type="pragma interface" mode="s_axilite" register_option="0" offset="768"/>
        </hw>
        <hw hw_usage="data" hw_interface="S_AXILite" hw_name="control" hw_bitwidth="16" hw_size_or_depth="128" hw_kernel_support="true">
          <constraint constraint_type="pragma interface" mode="s_axilite" register_option="0" offset="1024"/>
        </hw>
      </arg>
      <arg id="1" access_type="r" src_name="sigB" src_type="short*" src_isptr="1" src_bitwidth="16" src_size_or_depth="512">
        <hw hw_usage="data" hw_interface="S_AXILite" hw_name="control" hw_bitwidth="16" hw_size_or_depth="128" hw_kernel_support="true">
          <constraint constraint_type="pragma interface" mode="s_axilite" register_option="0" offset="1280"/>
        </hw>
        <hw hw_usage="data" hw_interface="S_AXILite" hw_name="control" hw_bitwidth="16" hw_size_or_depth="128" hw_kernel_support="true">
          <constraint constraint_type="pragma interface" mode="s_axilite" register_option="0" offset="1536"/>
        </hw>
        <hw hw_usage="data" hw_interface="S_AXILite" hw_name="control" hw_bitwidth="16" hw_size_or_depth="128" hw_kernel_support="true">
          <constraint constraint_type="pragma interface" mode="s_axilite" register_option="0" offset="1792"/>
        </hw>
        <hw hw_usage="data" hw_interface="S_AXILite" hw_name="control" hw_bitwidth="16" hw_size_or_depth="128" hw_kernel_support="true">
          <constraint constraint_type="pragma interface" mode="s_axilite" register_option="0" offset="2048"/>
        </hw>
      </arg>
      <arg id="2" access_type="w" src_name="energia" src_type="int*" src_isptr="1" src_bitwidth="32" src_size_or_depth="128">
        <hw hw_usage="data" hw_interface="S_AXILite" hw_name="control" hw_bitwidth="32" hw_size_or_depth="128" hw_kernel_support="true">
          <constraint constraint_type="pragma interface" mode="s_axilite" register_option="0" offset="2560"/>
        </hw>
      </arg>
    </args>
    <return src_type="void" src_bitwidth="0" offset="0x0">
      <hw hw_usage="data" hw_interface="" hw_name="" hw_bitwidth="0" hw_kernel_support="true"/>
    </return>
  </kernel>
</root>
