{
  "Top": "diferencia_energia",
  "RtlTop": "diferencia_energia",
  "RtlPrefix": "",
  "RtlSubPrefix": "diferencia_energia_",
  "SourceLanguage": "cpp",
  "HostMachineBits": "64",
  "FunctionProtocol": "ap_ctrl_chain",
  "ResetStyle": "control",
  "Target": {
    "Family": "virtexuplus",
    "Device": "xcvu9p",
    "Package": "-flga2104",
    "Speed": "-2-i",
    "Triple": "fpga64-xilinx-none"
  },
  "Args": {
    "sigA": {
      "index": "0",
      "direction": "in",
      "srcType": "short*",
      "srcSize": "16",
      "hwRefs": [
        {
          "type": "interface",
          "interface": "s_axi_control",
          "name": "",
          "usage": "data",
          "direction": "in"
        },
        {
          "type": "interface",
          "interface": "s_axi_control",
          "name": "",
          "usage": "data",
          "direction": "in"
        },
        {
          "type": "interface",
          "interface": "s_axi_control",
          "name": "",
          "usage": "data",
          "direction": "in"
        },
        {
          "type": "interface",
          "interface": "s_axi_control",
          "name": "",
          "usage": "data",
          "direction": "in"
        }
      ]
    },
    "sigB": {
      "index": "1",
      "direction": "in",
      "srcType": "short*",
      "srcSize": "16",
      "hwRefs": [
        {
          "type": "interface",
          "interface": "s_axi_control",
          "name": "",
          "usage": "data",
          "direction": "in"
        },
        {
          "type": "interface",
          "interface": "s_axi_control",
          "name": "",
          "usage": "data",
          "direction": "in"
        },
        {
          "type": "interface",
          "interface": "s_axi_control",
          "name": "",
          "usage": "data",
          "direction": "in"
        },
        {
          "type": "interface",
          "interface": "s_axi_control",
          "name": "",
          "usage": "data",
          "direction": "in"
        }
      ]
    },
    "energia": {
      "index": "2",
      "direction": "out",
      "srcType": "int*",
      "srcSize": "32",
      "hwRefs": [{
          "type": "memory",
          "interface": "s_axi_control",
          "name": "energia",
          "usage": "data",
          "direction": "out"
        }]
    }
  },
  "HlsSolution": {
    "FlowTarget": "vitis",
    "ConfigTcl": [
      "config_interface -m_axi_latency=64",
      "config_interface -m_axi_alignment_byte_size=64",
      "config_interface -m_axi_max_widen_bitwidth=512",
      "config_interface -default_interface=kernel",
      "config_rtl -register_reset_num=3",
      "config_csim -code_analyzer=1",
      "config_export -format=xo"
    ],
    "ProfileOption": "0",
    "ProfileType": "none",
    "KernelName": "diferencia_energia"
  },
  "ClockInfo": {
    "ClockName": "ap_clk",
    "ClockPeriod": "10",
    "Uncertainty": "1.2",
    "IsCombinational": "0",
    "II": "256",
    "Latency": "262"
  },
  "Xdc": {"OocClocks": ["create_clock -name ap_clk -period 10.000 [get_ports ap_clk]"]},
  "Ipx": {
    "Vendor": "xilinx.com",
    "Library": "hls",
    "Name": "diferencia_energia",
    "Version": "1.0",
    "DisplayName": "Diferencia_energia",
    "Revision": "2114005948",
    "Description": "An IP generated by Vitis HLS",
    "Taxonomy": "\/VITIS_HLS_IP",
    "AutoFamilySupport": "",
    "ZipFile": "xilinx_com_hls_diferencia_energia_1_0.zip"
  },
  "Files": {
    "CSource": [
      "..\/..\/..\/..\/..\/..\/..\/..\/Descargas\/ejemplo\/diferencia_energia.cpp",
      "..\/..\/..\/..\/..\/..\/..\/..\/Descargas\/ejemplo\/diferencia.h"
    ],
    "TestBench": [
      "..\/..\/..\/..\/..\/..\/..\/..\/Descargas\/ejemplo\/diferencia_energia_test.cpp",
      "..\/..\/..\/..\/..\/..\/..\/..\/Descargas\/ejemplo\/inB.dat",
      "..\/..\/..\/..\/..\/..\/..\/..\/Descargas\/ejemplo\/inA.dat",
      "..\/..\/..\/..\/..\/..\/..\/..\/Descargas\/ejemplo\/diferencia.h",
      "..\/..\/..\/..\/..\/..\/..\/..\/Descargas\/ejemplo\/out_diferencia.dat"
    ],
    "Vhdl": [
      "impl\/vhdl\/diferencia_energia_control_s_axi.vhd",
      "impl\/vhdl\/diferencia_energia_flow_control_loop_pipe.vhd",
      "impl\/vhdl\/diferencia_energia_mac_muladd_16s_16s_32s_32_4_1.vhd",
      "impl\/vhdl\/diferencia_energia_mul_16s_16s_32_1_1.vhd",
      "impl\/vhdl\/diferencia_energia.vhd"
    ],
    "Verilog": [
      "impl\/verilog\/diferencia_energia_control_s_axi.v",
      "impl\/verilog\/diferencia_energia_flow_control_loop_pipe.v",
      "impl\/verilog\/diferencia_energia_mac_muladd_16s_16s_32s_32_4_1.v",
      "impl\/verilog\/diferencia_energia_mul_16s_16s_32_1_1.v",
      "impl\/verilog\/diferencia_energia.v"
    ],
    "SwDriver": [
      "impl\/misc\/drivers\/diferencia_energia_v1_0\/data\/diferencia_energia.mdd",
      "impl\/misc\/drivers\/diferencia_energia_v1_0\/data\/diferencia_energia.tcl",
      "impl\/misc\/drivers\/diferencia_energia_v1_0\/data\/diferencia_energia.yaml",
      "impl\/misc\/drivers\/diferencia_energia_v1_0\/src\/CMakeLists.txt",
      "impl\/misc\/drivers\/diferencia_energia_v1_0\/src\/Makefile",
      "impl\/misc\/drivers\/diferencia_energia_v1_0\/src\/xdiferencia_energia.c",
      "impl\/misc\/drivers\/diferencia_energia_v1_0\/src\/xdiferencia_energia.h",
      "impl\/misc\/drivers\/diferencia_energia_v1_0\/src\/xdiferencia_energia_hw.h",
      "impl\/misc\/drivers\/diferencia_energia_v1_0\/src\/xdiferencia_energia_linux.c",
      "impl\/misc\/drivers\/diferencia_energia_v1_0\/src\/xdiferencia_energia_sinit.c"
    ],
    "IpMisc": ["impl\/misc\/logo.png"],
    "CsynthXml": "syn\/report\/csynth.xml",
    "DebugDir": ".debug",
    "KernelXml": "kernel.xml",
    "Xo": "..\/diferencia_energia.xo",
    "XoHlsDir": "",
    "ProtoInst": [".debug\/diferencia_energia.protoinst"]
  },
  "SubcoreInfo": {
    "HasXpmMemory": false,
    "HasClockedDsp": false,
    "Ip": []
  },
  "Interfaces": {
    "s_axi_control": {
      "type": "axi4lite",
      "busTypeName": "aximm",
      "mode": "slave",
      "dataWidth": "32",
      "addrWidth": "12",
      "portPrefix": "s_axi_control_",
      "paramPrefix": "C_S_AXI_CONTROL_",
      "ports": [
        "s_axi_control_ARADDR",
        "s_axi_control_ARREADY",
        "s_axi_control_ARVALID",
        "s_axi_control_AWADDR",
        "s_axi_control_AWREADY",
        "s_axi_control_AWVALID",
        "s_axi_control_BREADY",
        "s_axi_control_BRESP",
        "s_axi_control_BVALID",
        "s_axi_control_RDATA",
        "s_axi_control_RREADY",
        "s_axi_control_RRESP",
        "s_axi_control_RVALID",
        "s_axi_control_WDATA",
        "s_axi_control_WREADY",
        "s_axi_control_WSTRB",
        "s_axi_control_WVALID"
      ],
      "memories": {
        "sigA_0": {
          "offset": "256",
          "range": "256"
        },
        "sigA_1": {
          "offset": "512",
          "range": "256"
        },
        "sigA_2": {
          "offset": "768",
          "range": "256"
        },
        "sigA_3": {
          "offset": "1024",
          "range": "256"
        },
        "sigB_0": {
          "offset": "1280",
          "range": "256"
        },
        "sigB_1": {
          "offset": "1536",
          "range": "256"
        },
        "sigB_2": {
          "offset": "1792",
          "range": "256"
        },
        "sigB_3": {
          "offset": "2048",
          "range": "256"
        },
        "energia": {
          "offset": "2560",
          "range": "512"
        }
      },
      "registers": [
        {
          "offset": "0x00",
          "name": "CTRL",
          "access": "RW",
          "description": "Control signals",
          "range": "32",
          "fields": [
            {
              "offset": "0",
              "width": "1",
              "name": "AP_START",
              "access": "RW",
              "description": "Control signal Register for 'ap_start'."
            },
            {
              "offset": "1",
              "width": "1",
              "name": "AP_DONE",
              "access": "R",
              "description": "Control signal Register for 'ap_done'."
            },
            {
              "offset": "2",
              "width": "1",
              "name": "AP_IDLE",
              "access": "R",
              "description": "Control signal Register for 'ap_idle'."
            },
            {
              "offset": "3",
              "width": "1",
              "name": "AP_READY",
              "access": "R",
              "description": "Control signal Register for 'ap_ready'."
            },
            {
              "offset": "4",
              "width": "1",
              "name": "AP_CONTINUE",
              "access": "R",
              "description": "Control signal Register for 'ap_continue'."
            },
            {
              "offset": "5",
              "width": "2",
              "name": "RESERVED_1",
              "access": "R",
              "description": "Reserved.  0s on read."
            },
            {
              "offset": "7",
              "width": "1",
              "name": "AUTO_RESTART",
              "access": "RW",
              "description": "Control signal Register for 'auto_restart'."
            },
            {
              "offset": "8",
              "width": "1",
              "name": "RESERVED_2",
              "access": "R",
              "description": "Reserved.  0s on read."
            },
            {
              "offset": "9",
              "width": "1",
              "name": "INTERRUPT",
              "access": "R",
              "description": "Control signal Register for 'interrupt'."
            },
            {
              "offset": "10",
              "width": "22",
              "name": "RESERVED_3",
              "access": "R",
              "description": "Reserved.  0s on read."
            }
          ]
        },
        {
          "offset": "0x04",
          "name": "GIER",
          "access": "RW",
          "description": "Global Interrupt Enable Register",
          "range": "32",
          "fields": [
            {
              "offset": "0",
              "width": "1",
              "name": "Enable",
              "access": "RW",
              "description": "Master enable for the device interrupt output to the system interrupt controller: 0 = Disabled, 1 = Enabled"
            },
            {
              "offset": "1",
              "width": "31",
              "name": "RESERVED",
              "access": "R",
              "description": "Reserved.  0s on read."
            }
          ]
        },
        {
          "offset": "0x08",
          "name": "IP_IER",
          "access": "RW",
          "description": "IP Interrupt Enable Register",
          "range": "32",
          "fields": [
            {
              "offset": "0",
              "width": "1",
              "name": "CHAN0_INT_EN",
              "access": "RW",
              "description": "Enable Channel 0 (ap_done) Interrupt.  0 = Disabled, 1 = Enabled."
            },
            {
              "offset": "1",
              "width": "1",
              "name": "CHAN1_INT_EN",
              "access": "RW",
              "description": "Enable Channel 1 (ap_ready) Interrupt.  0 = Disabled, 1 = Enabled."
            },
            {
              "offset": "2",
              "width": "30",
              "name": "RESERVED_0",
              "access": "R",
              "description": "Reserved.  0s on read."
            }
          ]
        },
        {
          "offset": "0x0c",
          "name": "IP_ISR",
          "access": "RW",
          "description": "IP Interrupt Status Register",
          "range": "32",
          "fields": [
            {
              "offset": "0",
              "width": "1",
              "name": "CHAN0_INT_ST",
              "access": "RTOW",
              "description": "Channel 0 (ap_done) Interrupt Status. 0 = No Channel 0 interrupt, 1 = Channel 0 interrupt."
            },
            {
              "offset": "1",
              "width": "1",
              "name": "CHAN1_INT_ST",
              "access": "RTOW",
              "description": "Channel 1 (ap_ready) Interrupt Status. 0 = No Channel 1 interrupt, 1 = Channel 1 interrupt."
            },
            {
              "offset": "2",
              "width": "30",
              "name": "RESERVED_0",
              "access": "R",
              "description": "Reserved.  0s on read."
            }
          ]
        }
      ],
      "constraints": [
        {
          "constraint_type": "pragma interface",
          "mode": "s_axilite",
          "register_option": "0",
          "offset": "256",
          "argName": "sigA"
        },
        {
          "constraint_type": "pragma interface",
          "mode": "s_axilite",
          "register_option": "0",
          "offset": "512",
          "argName": "sigA"
        },
        {
          "constraint_type": "pragma interface",
          "mode": "s_axilite",
          "register_option": "0",
          "offset": "768",
          "argName": "sigA"
        },
        {
          "constraint_type": "pragma interface",
          "mode": "s_axilite",
          "register_option": "0",
          "offset": "1024",
          "argName": "sigA"
        },
        {
          "constraint_type": "pragma interface",
          "mode": "s_axilite",
          "register_option": "0",
          "offset": "1280",
          "argName": "sigB"
        },
        {
          "constraint_type": "pragma interface",
          "mode": "s_axilite",
          "register_option": "0",
          "offset": "1536",
          "argName": "sigB"
        },
        {
          "constraint_type": "pragma interface",
          "mode": "s_axilite",
          "register_option": "0",
          "offset": "1792",
          "argName": "sigB"
        },
        {
          "constraint_type": "pragma interface",
          "mode": "s_axilite",
          "register_option": "0",
          "offset": "2048",
          "argName": "sigB"
        },
        {
          "constraint_type": "pragma interface",
          "mode": "s_axilite",
          "register_option": "0",
          "offset": "2560",
          "argName": "energia"
        }
      ]
    },
    "ap_clk": {
      "type": "clock",
      "busTypeName": "clock",
      "mode": "slave",
      "busParams": {
        "ASSOCIATED_BUSIF": "s_axi_control",
        "ASSOCIATED_RESET": "ap_rst_n"
      },
      "portMap": {"ap_clk": "CLK"},
      "ports": ["ap_clk"]
    },
    "ap_rst_n": {
      "type": "reset",
      "busTypeName": "reset",
      "mode": "slave",
      "busParams": {"POLARITY": "ACTIVE_LOW"},
      "portMap": {"ap_rst_n": "RST"},
      "ports": ["ap_rst_n"]
    },
    "interrupt": {
      "type": "interrupt",
      "busTypeName": "interrupt",
      "mode": "master",
      "dataWidth": "1",
      "busParams": {"SENSITIVITY": "LEVEL_HIGH"},
      "portMap": {"interrupt": "INTERRUPT"},
      "ports": ["interrupt"]
    }
  },
  "RtlPorts": {
    "s_axi_control_AWVALID": {
      "dir": "in",
      "width": "1"
    },
    "s_axi_control_AWREADY": {
      "dir": "out",
      "width": "1"
    },
    "s_axi_control_AWADDR": {
      "dir": "in",
      "width": "12"
    },
    "s_axi_control_WVALID": {
      "dir": "in",
      "width": "1"
    },
    "s_axi_control_WREADY": {
      "dir": "out",
      "width": "1"
    },
    "s_axi_control_WDATA": {
      "dir": "in",
      "width": "32"
    },
    "s_axi_control_WSTRB": {
      "dir": "in",
      "width": "4"
    },
    "s_axi_control_ARVALID": {
      "dir": "in",
      "width": "1"
    },
    "s_axi_control_ARREADY": {
      "dir": "out",
      "width": "1"
    },
    "s_axi_control_ARADDR": {
      "dir": "in",
      "width": "12"
    },
    "s_axi_control_RVALID": {
      "dir": "out",
      "width": "1"
    },
    "s_axi_control_RREADY": {
      "dir": "in",
      "width": "1"
    },
    "s_axi_control_RDATA": {
      "dir": "out",
      "width": "32"
    },
    "s_axi_control_RRESP": {
      "dir": "out",
      "width": "2"
    },
    "s_axi_control_BVALID": {
      "dir": "out",
      "width": "1"
    },
    "s_axi_control_BREADY": {
      "dir": "in",
      "width": "1"
    },
    "s_axi_control_BRESP": {
      "dir": "out",
      "width": "2"
    },
    "ap_clk": {
      "dir": "in",
      "width": "1"
    },
    "ap_rst_n": {
      "dir": "in",
      "width": "1"
    },
    "interrupt": {
      "dir": "out",
      "width": "1"
    }
  },
  "ModuleInfo": {
    "Hierarchy": {
      "ModuleName": "diferencia_energia",
      "BindInstances": "diff_fu_264_p2 diff_1_fu_274_p2 diff_2_fu_280_p2 diff_3_fu_286_p2 mac_muladd_16s_16s_32s_32_4_1_U4 mul_16s_16s_32_1_1_U1 mul_16s_16s_32_1_1_U2 mac_muladd_16s_16s_32s_32_4_1_U3 mac_muladd_16s_16s_32s_32_4_1_U3 mac_muladd_16s_16s_32s_32_4_1_U4 sum_fu_313_p2 i_fu_245_p2 control_s_axi_U"
    },
    "Info": {"diferencia_energia": {
        "FunctionProtocol": "ap_ctrl_chain",
        "isTaskLevelControl": "0",
        "isPipelined": "1",
        "isCombinational": "0",
        "isOneStateSeq": "0"
      }},
    "Metrics": {"diferencia_energia": {
        "Latency": {
          "LatencyBest": "262",
          "LatencyAvg": "262",
          "LatencyWorst": "262",
          "PipelineII": "256",
          "PipelineDepth": "",
          "PipelineType": "loop auto-rewind stp (delay=0 clock cycles(s))"
        },
        "Timing": {
          "Target": "10.00",
          "Uncertainty": "1.20",
          "Estimate": "2.585"
        },
        "Loops": [{
            "Name": "VITIS_LOOP_14_1",
            "TripCount": "128",
            "Latency": "260",
            "PipelineII": "2",
            "PipelineDepth": "7"
          }],
        "Area": {
          "BRAM_18K": "0",
          "AVAIL_BRAM": "4320",
          "UTIL_BRAM": "0",
          "DSP": "4",
          "AVAIL_DSP": "6840",
          "UTIL_DSP": "~0",
          "FF": "1171",
          "AVAIL_FF": "2364480",
          "UTIL_FF": "~0",
          "LUT": "1313",
          "AVAIL_LUT": "1182240",
          "UTIL_LUT": "~0",
          "URAM": "0",
          "AVAIL_URAM": "960",
          "UTIL_URAM": "0"
        }
      }}
  },
  "GenerateBdFiles": "0",
  "GenData": {
    "DataVersion": "0.2",
    "Time": "2025-03-22 02:28:48 CET",
    "ToolName": "vitis_hls",
    "ToolVersion": "2024.2"
  }
}
