<root versionMajor = "1" versionMinor = "5">
  <kernel name="diferencia_energia" language="c" vlnv="xilinx.com:hls:diferencia_energia:1.0" attributes="" hash="" preferredWorkGroupSizeMultiple="0" workGroupSize="1" debug="false" compileOptions="" profileType="none" hwControlProtocol="ap_ctrl_chain">
    <ports>
      <port name="S_AXI_CONTROL" portType="addressable" mode="slave" base="0x0" range="0xC00" dataWidth="32"/>
    </ports>
    <args>
      <arg id="0" name="sigA_0" addressQualifier="0" port="S_AXI_CONTROL" hostOffset="0x0" hostSize="0x100" offset="0x100" size="0x100" type="short*"/>
      <arg id="1" name="sigA_1" addressQualifier="0" port="S_AXI_CONTROL" hostOffset="0x0" hostSize="0x100" offset="0x200" size="0x100" type="short*"/>
      <arg id="2" name="sigA_2" addressQualifier="0" port="S_AXI_CONTROL" hostOffset="0x0" hostSize="0x100" offset="0x300" size="0x100" type="short*"/>
      <arg id="3" name="sigA_3" addressQualifier="0" port="S_AXI_CONTROL" hostOffset="0x0" hostSize="0x100" offset="0x400" size="0x100" type="short*"/>
      <arg id="4" name="sigB_0" addressQualifier="0" port="S_AXI_CONTROL" hostOffset="0x0" hostSize="0x100" offset="0x500" size="0x100" type="short*"/>
      <arg id="5" name="sigB_1" addressQualifier="0" port="S_AXI_CONTROL" hostOffset="0x0" hostSize="0x100" offset="0x600" size="0x100" type="short*"/>
      <arg id="6" name="sigB_2" addressQualifier="0" port="S_AXI_CONTROL" hostOffset="0x0" hostSize="0x100" offset="0x700" size="0x100" type="short*"/>
      <arg id="7" name="sigB_3" addressQualifier="0" port="S_AXI_CONTROL" hostOffset="0x0" hostSize="0x100" offset="0x800" size="0x100" type="short*"/>
      <arg id="8" name="energia" addressQualifier="0" port="S_AXI_CONTROL" hostOffset="0x0" hostSize="0x200" offset="0xA00" size="0x200" type="int*"/>
    </args>
    <arg-map>
      <arg id="0" orig_id="0"/>
      <arg id="1" orig_id="0"/>
      <arg id="2" orig_id="0"/>
      <arg id="3" orig_id="0"/>
      <arg id="4" orig_id="1"/>
      <arg id="5" orig_id="1"/>
      <arg id="6" orig_id="1"/>
      <arg id="7" orig_id="1"/>
      <arg id="8" orig_id="2"/>
    </arg-map>
    <transforms>
      <transform0>
        <inputs>
          <input id="0" variable-type="[512 x i16]*"/>
        </inputs>
        <layout-changes>
          <array_partition type="Cyclic" dim="1" factor="4"/>
        </layout-changes>
        <outputs>
          <input id="0.0" variable-type="[128 x i16]*"/>
          <input id="0.1" variable-type="[128 x i16]*"/>
          <input id="0.2" variable-type="[128 x i16]*"/>
          <input id="0.3" variable-type="[128 x i16]*"/>
        </outputs>
      </transform0>
      <transform1>
        <inputs>
          <input id="1" variable-type="[512 x i16]*"/>
        </inputs>
        <layout-changes>
          <array_partition type="Cyclic" dim="1" factor="4"/>
        </layout-changes>
        <outputs>
          <input id="1.0" variable-type="[128 x i16]*"/>
          <input id="1.1" variable-type="[128 x i16]*"/>
          <input id="1.2" variable-type="[128 x i16]*"/>
          <input id="1.3" variable-type="[128 x i16]*"/>
        </outputs>
      </transform1>
    </transforms>
    <compileWorkGroupSize x="1" y="1" z="1"/>
    <maxWorkGroupSize x="1" y="1" z="1"/>
  </kernel>
</root>
